id,trial,response,onset_time,clock_time,reaction_time,absolute_onset_time,absolute_clock_time,absolute_reaction_time,tag,answer
15323066,,BEGIN,,,,,,,,
15323066,1,,44131,44115,44131,44131,44115,44131,,
15323066,1,,3000,3000,3000,3000,3000,3000,rawr,desconsolado
15323066,1,fatigado,8702,8684,8702,8702,8684,8702,click,desconsolado
15323066,2,,3002,3002,3002,3002,3002,3002,rawr,falta
15323066,2,regalan,4445,4429,4445,4445,4429,4445,click,falta
15323066,3,,3000,3000,3000,3000,3000,3000,rawr,enfermo
15323066,3,enfermo,5466,5450,5466,5466,5450,5466,click,enfermo
15323066,4,,3002,3002,3002,3002,3002,3002,rawr,caliente
15323066,4,caliente,9018,8999,9018,9018,8999,9018,click,caliente
15323066,5,,2999,2999,2999,2999,2999,2999,rawr,ver
15323066,5,discurrir,8132,8116,8132,8132,8116,8132,click,ver
15323066,6,,2999,2999,2999,2999,2999,2999,rawr,salir de casa
15323066,6,leer las noticias,9914,9899,9914,9914,9899,9914,click,salir de casa
15323066,7,,3000,3000,3000,3000,3000,3000,rawr,estrellas
15323066,7,estrellas,2669,2651,2669,2669,2651,2669,click,estrellas
15323066,8,,3001,3001,3001,3001,3001,3001,rawr,¿Qué tal?
15323066,8,¿Qué tal?,8998,8981,8998,8998,8981,8998,click,¿Qué tal?
15323066,9,,2999,2999,2999,2999,2999,2999,rawr,ladrar
15323066,9,ladrar,9466,9450,9466,9466,9450,9466,click,ladrar
15323066,10,,3000,3000,3000,3000,3000,3000,rawr,despertador
15323066,10,calendario,7198,7182,7198,7198,7182,7198,click,despertador
15323066,11,,3001,3001,3001,3001,3001,3001,rawr,aceite
15323066,11,aceite,8681,8665,8681,8681,8665,8681,click,aceite
15323066,12,,3000,3000,3000,3000,3000,3000,rawr,tomamos asiento
15323066,12,timeout,10000,10000,10000,10000,10000,10000,timeout,tomamos asiento
15323066,13,,3000,3000,3000,3000,3000,3000,rawr,cortarte
15323066,13,cortarte,5548,5532,5548,5548,5532,5548,click,cortarte
15323066,14,,3001,3001,3001,3001,3001,3001,rawr,patinar
15323066,14,charlar,6848,6832,6848,6848,6832,6848,click,patinar
15323066,15,,3000,3000,3000,3000,3000,3000,rawr,fuego
15323066,15,serpientes,8569,8551,8569,8569,8551,8569,click,fuego
15323066,16,,2999,2999,2999,2999,2999,2999,rawr,la noticia que deseaba
15323066,16,el periódico perdido,8448,8432,8448,8448,8432,8448,click,la noticia que deseaba
15323066,17,,3001,3001,3001,3001,3001,3001,rawr,aliviar
15323066,17,estorbar,5966,5949,5966,5966,5949,5966,click,aliviar
15323066,18,,3000,3000,3000,3000,3000,3000,rawr,perecer
15323066,18,acabar,4965,4949,4965,4965,4949,4965,click,perecer
15323066,19,,3000,3000,3000,3000,3000,3000,rawr,darle una limosna
15323066,19,pegarle,7917,7900,7917,7917,7900,7917,click,darle una limosna
15323066,20,,3000,3000,3000,3000,3000,3000,rawr,monedas
15323066,20,monedas,7582,7566,7582,7582,7566,7582,click,monedas
15323066,21,,2999,2999,2999,2999,2999,2999,rawr,las caricias
15323066,21,los golpes,7750,7733,7750,7750,7733,7750,click,las caricias
15323066,22,,3000,3000,3000,3000,3000,3000,rawr,escondérmela
15323066,22,escondérmela,8750,8733,8750,8750,8733,8750,click,escondérmela
15323066,23,,2999,2999,2999,2999,2999,2999,rawr,Dios sabe dónde
15323066,23,timeout,10000,10000,10000,10000,10000,10000,timeout,Dios sabe dónde
15323066,24,,3000,3000,3000,3000,3000,3000,rawr,tuviste la culpa
15323066,24,tuviste la culpa,3600,3583,3600,3600,3583,3600,click,tuviste la culpa
15323066,25,,2999,2999,2999,2999,2999,2999,rawr,la cría de reses
15323066,25,la cría de reses,4234,4217,4234,4234,4217,4234,click,la cría de reses
15323066,26,,3000,3000,3000,3000,3000,3000,rawr,del fallecimiento
15323066,26,del éxito,6150,6133,6150,6150,6133,6150,click,del fallecimiento
15323066,27,,3000,3000,3000,3000,3000,3000,rawr,llevarlo a cabo
15323066,27,rechazarlo,4965,4949,4965,4965,4949,4965,click,llevarlo a cabo
15323066,28,,3000,3000,3000,3000,3000,3000,rawr,los naufragios
15323066,28,los naufragios,5432,5416,5432,5432,5416,5432,click,los naufragios
15323066,29,,3000,3000,3000,3000,3000,3000,rawr,aquel barrio
15323066,29,el callejeo,4949,4933,4949,4949,4933,4949,click,aquel barrio
15323066,30,,3000,3000,3000,3000,3000,3000,rawr,repartirlo
15323066,30,conservarlo,4282,4266,4282,4282,4266,4282,click,repartirlo
15323066,1,,20033,20016,20033,20033,20016,20033,,
15323066,1,,119993,119993,119993,119993,119993,119993,,
15323066,1,completado,37737,37730,37737,37737,37730,37737,click,cumplido
15323066,2,inició,32832,32815,32832,32832,32815,32832,click,iniciara
15323066,3,mandar,31449,31432,31449,31449,31432,31449,click,encargar
15323066,4,sirviera,23281,23265,23281,23281,23265,23281,click,sirviera
15323066,5,acabar,15886,15868,15886,15886,15868,15886,click,superar
15323066,6,con,12895,12880,12895,12895,12880,12895,click,con
15323066,7,favor,27318,27300,27318,27318,27300,27318,click,poder
15323066,8,al,27364,27347,27364,27364,27347,27364,click,a
15323066,9,había,12933,12916,12933,12933,12916,12933,click,había
15323066,10,lo que,18099,18082,18099,18099,18082,18099,click,lo que
15323066,11,tratado,11954,11935,11954,11954,11935,11954,click,tratado
15323066,12,disminuido,15514,15497,15514,15514,15497,15514,click,restringido
15323066,13,dirán,14131,14115,14131,14131,14115,14131,click,enseñarán
15323066,14,sobre,18365,18349,18365,18365,18349,18365,click,sobre
15323066,15,así,14500,14483,14500,14500,14483,14500,click,así
15323066,16,sea,32148,32132,32148,32148,32132,32148,click,sea
15323066,17,aspectos,21249,21232,21249,21249,21232,21249,click,niveles
15323066,18,a,22564,22548,22564,22564,22548,22564,click,a
15323066,19,entero,19066,19049,19066,19066,19049,19066,click,pleno
15323066,20,siguiente,13098,13082,13098,13098,13082,13098,click,próxima
15323066,,END,,,904356,,,,,
15329610,,BEGIN,,,,,,,,
15329610,1,,16359.662,16352.862,16359.662,16359.662,16352.862,16359.662,,
15329610,1,,2999.9,2999.9,2999.9,2999.9,2999.9,2999.9,rawr,desconsolado
15329610,1,desconsolado,4083.3,4066.6,4083.3,4083.3,4066.6,4083.3,click,desconsolado
15329610,2,,2999.7,2999.7,2999.7,2999.7,2999.7,2999.7,rawr,falta
15329610,2,falta,1318.5,1316.7,1318.5,1318.5,1316.7,1318.5,click,falta
15329610,3,,2999.9,2999.9,2999.9,2999.9,2999.9,2999.9,rawr,enfermo
15329610,3,enfermo,2567.7,2566.6,2567.7,2567.7,2566.6,2567.7,click,enfermo
15329610,4,,2999.9,2999.9,2999.9,2999.9,2999.9,2999.9,rawr,caliente
15329610,4,caliente,2467.6,2466.5,2467.6,2467.6,2466.5,2467.6,click,caliente
15329610,5,,2999.9,2999.9,2999.9,2999.9,2999.9,2999.9,rawr,ver
15329610,5,ver,6253.2,6249.1,6253.2,6253.2,6249.1,6253.2,click,ver
15329610,6,,2999.8,2999.8,2999.8,2999.8,2999.8,2999.8,rawr,salir de casa
15329610,6,salir de casa,4320.9,4317.2,4320.9,4320.9,4317.2,4320.9,click,salir de casa
15329610,7,,2999.9,2999.9,2999.9,2999.9,2999.9,2999.9,rawr,estrellas
15329610,7,estrellas,1769.5,1766.6,1769.5,1769.5,1766.6,1769.5,click,estrellas
15329610,8,,2999.2,2999.2,2999.2,2999.2,2999.2,2999.2,rawr,¿Qué tal?
15329610,8,¿Qué tal?,5254.9,5250.4,5254.9,5254.9,5250.4,5254.9,click,¿Qué tal?
15329610,9,,3000,3000,3000,3000,3000,3000,rawr,ladrar
15329610,9,ladrar,3569.7,3566.3,3569.7,3569.7,3566.3,3569.7,click,ladrar
15329610,10,,2999.6,2999.6,2999.6,2999.6,2999.6,2999.6,rawr,despertador
15329610,10,despertador,2770.4,2767,2770.4,2770.4,2767,2770.4,click,despertador
15329610,11,,2999.3,2999.3,2999.3,2999.3,2999.3,2999.3,rawr,aceite
15329610,11,aceite,3104.6,3100.5,3104.6,3104.6,3100.5,3104.6,click,aceite
15329610,12,,2999.8,2999.8,2999.8,2999.8,2999.8,2999.8,rawr,tomamos asiento
15329610,12,tomamos asiento,3739.2,3733.2,3739.2,3739.2,3733.2,3739.2,click,tomamos asiento
15329610,13,,2999,2999,2999,2999,2999,2999,rawr,cortarte
15329610,13,cortarte,972.1,967.5,972.1,972.1,967.5,972.1,click,cortarte
15329610,14,,2999.9,2999.9,2999.9,2999.9,2999.9,2999.9,rawr,patinar
15329610,14,patinar,4019.9,4016.4,4019.9,4019.9,4016.4,4019.9,click,patinar
15329610,15,,3000,3000,3000,3000,3000,3000,rawr,fuego
15329610,15,serpientes,5055.5,5049.8,5055.5,5055.5,5049.8,5055.5,click,fuego
15329610,16,,2999.9,2999.9,2999.9,2999.9,2999.9,2999.9,rawr,la noticia que deseaba
15329610,16,el periódico perdido,9239.2,9232.9,9239.2,9239.2,9232.9,9239.2,click,la noticia que deseaba
15329610,17,,2999.9,2999.9,2999.9,2999.9,2999.9,2999.9,rawr,aliviar
15329610,17,estorbar,7143.6,7133,7143.6,7143.6,7133,7143.6,click,aliviar
15329610,18,,2999.4,2999.4,2999.4,2999.4,2999.4,2999.4,rawr,perecer
15329610,18,perecer,4989.9,4983.7,4989.9,4989.9,4983.7,4989.9,click,perecer
15329610,19,,2999.9,2999.9,2999.9,2999.9,2999.9,2999.9,rawr,darle una limosna
15329610,19,timeout,9999.6,9999.6,9999.6,9999.6,9999.6,9999.6,timeout,darle una limosna
15329610,20,,2999.8,2999.8,2999.8,2999.8,2999.8,2999.8,rawr,monedas
15329610,20,monedas,6375.1,6366.5,6375.1,6375.1,6366.5,6375.1,click,monedas
15329610,21,,2999.8,2999.8,2999.8,2999.8,2999.8,2999.8,rawr,las caricias
15329610,21,las caricias,4640.9,4633.2,4640.9,4640.9,4633.2,4640.9,click,las caricias
15329610,22,,2999.1,2999.1,2999.1,2999.1,2999.1,2999.1,rawr,escondérmela
15329610,22,escondérmela,6162.6,6150.2,6162.6,6162.6,6150.2,6162.6,click,escondérmela
15329610,23,,3000.2,3000.2,3000.2,3000.2,3000.2,3000.2,rawr,Dios sabe dónde
15329610,23,Dios sabe dónde,6706.9,6699.7,6706.9,6706.9,6699.7,6706.9,click,Dios sabe dónde
15329610,24,,2999.9,2999.9,2999.9,2999.9,2999.9,2999.9,rawr,tuviste la culpa
15329610,24,tuviste la culpa,3976.5,3966.5,3976.5,3976.5,3966.5,3976.5,click,tuviste la culpa
15329610,25,,2999.9,2999.9,2999.9,2999.9,2999.9,2999.9,rawr,la cría de reses
15329610,25,el costo de vida,8424.8,8416.3,8424.8,8424.8,8416.3,8424.8,click,la cría de reses
15329610,26,,2999.9,2999.9,2999.9,2999.9,2999.9,2999.9,rawr,del fallecimiento
15329610,26,del éxito,6611.4,6599.7,6611.4,6611.4,6599.7,6611.4,click,del fallecimiento
15329610,27,,2999.3,2999.3,2999.3,2999.3,2999.3,2999.3,rawr,llevarlo a cabo
15329610,27,echarlo a un lado,9760.8,9750.2,9760.8,9760.8,9750.2,9760.8,click,llevarlo a cabo
15329610,28,,2999.9,2999.9,2999.9,2999.9,2999.9,2999.9,rawr,los naufragios
15329610,28,los peces,6281,6265.4,6281,6281,6265.4,6281,click,los naufragios
15329610,29,,3000.8,3000.8,3000.8,3000.8,3000.8,3000.8,rawr,aquel barrio
15329610,29,aquel barrio,3844.9,3833.3,3844.9,3844.9,3833.3,3844.9,click,aquel barrio
15329610,30,,2999.8,2999.8,2999.8,2999.8,2999.8,2999.8,rawr,repartirlo
15329610,30,repartirlo,3918.4,3915.8,3918.4,3918.4,3915.8,3918.4,click,repartirlo
15329610,1,,24466.5,24449.8,24466.5,24466.5,24449.8,24466.5,,
15329610,1,,28465.1,28448.8,28465.1,28465.1,28448.8,28465.1,,
15329610,1,cumplido,11040.4,11032.2,11040.4,11040.4,11032.2,11040.4,click,cumplido
15329610,2,iniciara,6796.5,6783.8,6796.5,6796.5,6783.8,6796.5,click,iniciara
15329610,3,encargar,9837,9832.6,9837,9837,9832.6,9837,click,encargar
15329610,4,sirviera,13965.9,13949.8,13965.9,13965.9,13949.8,13965.9,click,sirviera
15329610,5,enfrentarse,8464.4,8449.6,8464.4,8464.4,8449.6,8464.4,click,superar
15329610,6,por,10465.7,10449.1,10465.7,10465.7,10449.1,10465.7,click,con
15329610,7,voluntad,7616.9,7600.2,7616.9,7616.9,7600.2,7616.9,click,poder
15329610,8,a,10667.7,10665.8,10667.7,10667.7,10665.8,10667.7,click,a
15329610,9,hubo,15252.5,15249.8,15252.5,15252.5,15249.8,15252.5,click,había
15329610,10,el que,9700.2,9699.7,9700.2,9700.2,9699.7,9700.2,click,lo que
15329610,11,tratado,10409.7,10399.5,10409.7,10409.7,10399.5,10409.7,click,tratado
15329610,12,restringido,9484.5,9482.9,9484.5,9484.5,9482.9,9484.5,click,restringido
15329610,13,enseñarán,14136.9,14132.8,14136.9,14136.9,14132.8,14136.9,click,enseñarán
15329610,14,sobre,3991.8,3983.3,3991.8,3991.8,3983.3,3991.8,click,sobre
15329610,15,ya,10287.3,10282.9,10287.3,10287.3,10282.9,10287.3,click,así
15329610,16,sea,6236.5,6233.1,6236.5,6236.5,6233.1,6236.5,click,sea
15329610,17,niveles,10311.8,10299.5,10311.8,10311.8,10299.5,10311.8,click,niveles
15329610,18,a,2986.3,2983.2,2986.3,2986.3,2983.2,2986.3,click,a
15329610,19,entero,7740.4,7733,7740.4,7740.4,7733,7740.4,click,pleno
15329610,20,próxima,7521.8,7516.3,7521.8,7521.8,7516.3,7521.8,click,próxima
15329610,,END,,,495124,,,,,
15330808,,BEGIN,,,,,,,,
15330808,1,,5482.6,5467.7,5482.6,5482.6,5467.7,5482.6,,
15330808,1,,3000.9,3000.9,3000.9,3000.9,3000.9,3000.9,rawr,desconsolado
15330808,1,timeout,10002.4,10002.4,10002.4,10002.4,10002.4,10002.4,timeout,desconsolado
15330808,2,,3000.6,3000.6,3000.6,3000.6,3000.6,3000.6,rawr,falta
15330808,2,dan,3784,3767.4,3784,3784,3767.4,3784,click,falta
15330808,3,,3001.1,3001.1,3001.1,3001.1,3001.1,3001.1,rawr,enfermo
15330808,3,enfermo,3893.3,3884,3893.3,3893.3,3884,3893.3,click,enfermo
15330808,4,,3000.8,3000.8,3000.8,3000.8,3000.8,3000.8,rawr,caliente
15330808,4,timeout,10003.6,10003.6,10003.6,10003.6,10003.6,10003.6,timeout,caliente
15330808,5,,3001.1,3001.1,3001.1,3001.1,3001.1,3001.1,rawr,ver
15330808,5,entender,9551.5,9535.3,9551.5,9551.5,9535.3,9551.5,click,ver
15330808,6,,3000.6,3000.6,3000.6,3000.6,3000.6,3000.6,rawr,salir de casa
15330808,6,salir de casa,4469.9,4453.2,4469.9,4469.9,4453.2,4469.9,click,salir de casa
15330808,7,,2999.4,2999.4,2999.4,2999.4,2999.4,2999.4,rawr,estrellas
15330808,7,estrellas,3849.9,3833.3,3849.9,3849.9,3833.3,3849.9,click,estrellas
15330808,8,,3000.1,3000.1,3000.1,3000.1,3000.1,3000.1,rawr,¿Qué tal?
15330808,8,¿Qué tal?,6434.1,6417.5,6434.1,6434.1,6417.5,6434.1,click,¿Qué tal?
15330808,9,,3000.4,3000.4,3000.4,3000.4,3000.4,3000.4,rawr,ladrar
15330808,9,hambre,3621.6,3616.4,3621.6,3621.6,3616.4,3621.6,click,ladrar
15330808,10,,2999.9,2999.9,2999.9,2999.9,2999.9,2999.9,rawr,despertador
15330808,10,calendario,3749.8,3733.2,3749.8,3749.8,3733.2,3749.8,click,despertador
15330808,11,,3000.2,3000.2,3000.2,3000.2,3000.2,3000.2,rawr,aceite
15330808,11,timeout,10000.3,10000.3,10000.3,10000.3,10000.3,10000.3,timeout,aceite
15330808,12,,3003.3,3003.3,3003.3,3003.3,3003.3,3003.3,rawr,tomamos asiento
15330808,12,tomamos asiento,910.3,900.1,910.3,910.3,900.1,910.3,click,tomamos asiento
15330808,13,,2999.2,2999.2,2999.2,2999.2,2999.2,2999.2,rawr,cortarte
15330808,13,cortarte,1675.4,1666.5,1675.4,1675.4,1666.5,1675.4,click,cortarte
15330808,14,,3000.5,3000.5,3000.5,3000.5,3000.5,3000.5,rawr,patinar
15330808,14,almorzar,2066.8,2050.1,2066.8,2066.8,2050.1,2066.8,click,patinar
15330808,15,,3002.1,3002.1,3002.1,3002.1,3002.1,3002.1,rawr,fuego
15330808,15,serpientes,1457.2,1450.6,1457.2,1457.2,1450.6,1457.2,click,fuego
15330808,16,,2999.6,2999.6,2999.6,2999.6,2999.6,2999.6,rawr,la noticia que deseaba
15330808,16,los diez centavos,4367.5,4350.8,4367.5,4367.5,4350.8,4367.5,click,la noticia que deseaba
15330808,17,,3000.5,3000.5,3000.5,3000.5,3000.5,3000.5,rawr,aliviar
15330808,17,dulcificar,1128.3,1117.3,1128.3,1128.3,1117.3,1128.3,click,aliviar
15330808,18,,3001.8,3001.8,3001.8,3001.8,3001.8,3001.8,rawr,perecer
15330808,18,ganar,1249.7,1233,1249.7,1249.7,1233,1249.7,click,perecer
15330808,19,,3000.4,3000.4,3000.4,3000.4,3000.4,3000.4,rawr,darle una limosna
15330808,19,darle una limosna,2233.7,2217.1,2233.7,2233.7,2217.1,2233.7,click,darle una limosna
15330808,20,,3000.3,3000.3,3000.3,3000.3,3000.3,3000.3,rawr,monedas
15330808,20,monedas,6401.5,6384.8,6401.5,6401.5,6384.8,6401.5,click,monedas
15330808,21,,3000.4,3000.4,3000.4,3000.4,3000.4,3000.4,rawr,las caricias
15330808,21,los golpes,565,550.1,565,565,550.1,565,click,las caricias
15330808,22,,3001.5,3001.5,3001.5,3001.5,3001.5,3001.5,rawr,escondérmela
15330808,22,dejármela,6806.8,6801.5,6806.8,6806.8,6801.5,6806.8,click,escondérmela
15330808,23,,2999.5,2999.5,2999.5,2999.5,2999.5,2999.5,rawr,Dios sabe dónde
15330808,23,en el fuego,1123.7,1116.3,1123.7,1123.7,1116.3,1123.7,click,Dios sabe dónde
15330808,24,,3000.1,3000.1,3000.1,3000.1,3000.1,3000.1,rawr,tuviste la culpa
15330808,24,conociste a las víctimas,777.5,766.6,777.5,777.5,766.6,777.5,click,tuviste la culpa
15330808,25,,3000.6,3000.6,3000.6,3000.6,3000.6,3000.6,rawr,la cría de reses
15330808,25,el costo de vida,6024.4,6016.8,6024.4,6024.4,6016.8,6024.4,click,la cría de reses
15330808,26,,2997.5,2997.5,2997.5,2997.5,2997.5,2997.5,rawr,del fallecimiento
15330808,26,del éxito,2249,2233.4,2249,2249,2233.4,2249,click,del fallecimiento
15330808,27,,2999.4,2999.4,2999.4,2999.4,2999.4,2999.4,rawr,llevarlo a cabo
15330808,27,llevarlo a cabo,4022.8,4015.9,4022.8,4022.8,4015.9,4022.8,click,llevarlo a cabo
15330808,28,,3000.3,3000.3,3000.3,3000.3,3000.3,3000.3,rawr,los naufragios
15330808,28,los peces,6878.5,6866.6,6878.5,6878.5,6866.6,6878.5,click,los naufragios
15330808,29,,3001.9,3001.9,3001.9,3001.9,3001.9,3001.9,rawr,aquel barrio
15330808,29,el puente,7778.1,7768.1,7778.1,7778.1,7768.1,7778.1,click,aquel barrio
15330808,30,,3000.5,3000.5,3000.5,3000.5,3000.5,3000.5,rawr,repartirlo
15330808,30,timeout,10001.8,10001.8,10001.8,10001.8,10001.8,10001.8,timeout,repartirlo
15330808,1,,7141.8,7133,7141.8,7141.8,7133,7141.8,,
15330808,1,,19842.2,19834.8,19842.2,19842.2,19834.8,19842.2,,
15330808,1,completado,21587.4,21570.6,21587.4,21587.4,21570.6,21587.4,click,cumplido
15330808,2,inició,5955.5,5950.6,5955.5,5955.5,5950.6,5955.5,click,iniciara
15330808,3,pedir,10089.3,10076.4,10089.3,10089.3,10076.4,10089.3,click,encargar
15330808,4,hubiera servido,14263.4,14253.8,14263.4,14263.4,14253.8,14263.4,click,sirviera
15330808,5,enfrentarse,14377.3,14370.3,14377.3,14377.3,14370.3,14377.3,click,superar
15330808,6,por,20667.4,20654.9,20667.4,20667.4,20654.9,20667.4,click,con
15330808,7,voluntad,12294.1,12285.7,12294.1,12294.1,12285.7,12294.1,click,poder
15330808,8,en,10871.5,10854.8,10871.5,10871.5,10854.8,10871.5,click,a
15330808,9,había,30834,30826.9,30834,30834,30826.9,30834,click,había
15330808,10,lo que,12716.9,12705.3,12716.9,12716.9,12705.3,12716.9,click,lo que
15330808,11,tratado,15960.2,15943.5,15960.2,15960.2,15943.5,15960.2,click,tratado
15330808,12,restringido,6065.4,6050.5,6065.4,6065.4,6050.5,6065.4,click,restringido
15330808,13,enseñarán,15835.4,15822.3,15835.4,15835.4,15822.3,15835.4,click,enseñarán
15330808,14,sobre,3304.5,3287.9,3304.5,3304.5,3287.9,3304.5,click,sobre
15330808,15,así,17267,17261.5,17267,17267,17261.5,17267,click,así
15330808,16,sea,7121,7104.4,7121,7121,7104.4,7121,click,sea
15330808,17,aspectos,19937.2,19920.5,19937.2,19937.2,19920.5,19937.2,click,niveles
15330808,18,para,11656.6,11640,11656.6,11656.6,11640,11656.6,click,a
15330808,19,entero,6263.9,6253.4,6263.9,6263.9,6253.4,6263.9,click,pleno
15330808,20,siguiente,11485.1,11474.4,11485.1,11485.1,11474.4,11485.1,click,próxima
15330808,,END,,,527456,,,,,
15347175,,BEGIN,,,,,,,,
15347175,1,,3073,3056,3073,3073,3056,3073,,
15347175,1,,2997,2997,2997,2997,2997,2997,rawr,desconsolado
15347175,1,timeout,10003,10003,10003,10003,10003,10003,timeout,desconsolado
15347175,2,,2996,2996,2996,2996,2996,2996,rawr,falta
15347175,2,falta,4711,4694,4711,4711,4694,4711,click,falta
15347175,3,,2996,2996,2996,2996,2996,2996,rawr,enfermo
15347175,3,enfermo,4345,4328,4345,4345,4328,4345,click,enfermo
15347175,4,,2996,2996,2996,2996,2996,2996,rawr,caliente
15347175,4,caliente,3694,3678,3694,3694,3678,3694,click,caliente
15347175,5,,2996,2996,2996,2996,2996,2996,rawr,ver
15347175,5,ver,6524,6508,6524,6524,6508,6524,click,ver
15347175,6,,2996,2996,2996,2996,2996,2996,rawr,salir de casa
15347175,6,salir de casa,4045,4029,4045,4045,4029,4045,click,salir de casa
15347175,7,,2997,2997,2997,2997,2997,2997,rawr,estrellas
15347175,7,estrellas,1732,1715,1732,1732,1715,1732,click,estrellas
15347175,8,,2995,2995,2995,2995,2995,2995,rawr,¿Qué tal?
15347175,8,¿Qué va?,6960,6943,6960,6960,6943,6960,click,¿Qué tal?
15347175,9,,2996,2996,2996,2996,2996,2996,rawr,ladrar
15347175,9,ladrar,7124,7107,7124,7124,7107,7124,click,ladrar
15347175,10,,3003,3003,3003,3003,3003,3003,rawr,despertador
15347175,10,estante,7850,7833,7850,7850,7833,7850,click,despertador
15347175,11,,3003,3003,3003,3003,3003,3003,rawr,aceite
15347175,11,aceite,5156,5139,5156,5156,5139,5156,click,aceite
15347175,12,,2995,2995,2995,2995,2995,2995,rawr,tomamos asiento
15347175,12,timeout,10005,10005,10005,10005,10005,10005,timeout,tomamos asiento
15347175,13,,3004,3004,3004,3004,3004,3004,rawr,cortarte
15347175,13,cortarte,4325,4308,4325,4325,4308,4325,click,cortarte
15347175,14,,2996,2996,2996,2996,2996,2996,rawr,patinar
15347175,14,cantar,7326,7310,7326,7326,7310,7326,click,patinar
15347175,15,,2998,2998,2998,2998,2998,2998,rawr,fuego
15347175,15,zorros,7177,7160,7177,7177,7160,7177,click,fuego
15347175,16,,2995,2995,2995,2995,2995,2995,rawr,la noticia que deseaba
15347175,16,timeout,10006,10006,10006,10006,10006,10006,timeout,la noticia que deseaba
15347175,17,,3000,3000,3000,3000,3000,3000,rawr,aliviar
15347175,17,dulcificar,7268,7251,7268,7268,7251,7268,click,aliviar
15347175,18,,3003,3003,3003,3003,3003,3003,rawr,perecer
15347175,18,timeout,9997,9997,9997,9997,9997,9997,timeout,perecer
15347175,19,,2996,2996,2996,2996,2996,2996,rawr,darle una limosna
15347175,19,echar una mirada,9523,9506,9523,9523,9506,9523,click,darle una limosna
15347175,20,,3000,3000,3000,3000,3000,3000,rawr,monedas
15347175,20,monedas,4872,4855,4872,4872,4855,4872,click,monedas
15347175,21,,2996,2996,2996,2996,2996,2996,rawr,las caricias
15347175,21,las caricias,7807,7790,7807,7807,7790,7807,click,las caricias
15347175,22,,2996,2996,2996,2996,2996,2996,rawr,escondérmela
15347175,22,dejármela,7540,7524,7540,7540,7524,7540,click,escondérmela
15347175,23,,2995,2995,2995,2995,2995,2995,rawr,Dios sabe dónde
15347175,23,en el bosillo,8789,8772,8789,8789,8772,8789,click,Dios sabe dónde
15347175,24,,2996,2996,2996,2996,2996,2996,rawr,tuviste la culpa
15347175,24,timeout,10003,10003,10003,10003,10003,10003,timeout,tuviste la culpa
15347175,25,,2996,2996,2996,2996,2996,2996,rawr,la cría de reses
15347175,25,la construcción de trampas,5976,5959,5976,5976,5959,5976,click,la cría de reses
15347175,26,,2996,2996,2996,2996,2996,2996,rawr,del fallecimiento
15347175,26,timeout,10005,10005,10005,10005,10005,10005,timeout,del fallecimiento
15347175,27,,2997,2997,2997,2997,2997,2997,rawr,llevarlo a cabo
15347175,27,rechazarlo,7191,7174,7191,7191,7174,7191,click,llevarlo a cabo
15347175,28,,2996,2996,2996,2996,2996,2996,rawr,los naufragios
15347175,28,los peces,7226,7209,7226,7226,7209,7226,click,los naufragios
15347175,29,,2996,2996,2996,2996,2996,2996,rawr,aquel barrio
15347175,29,aquel barrio,7940,7923,7940,7940,7923,7940,click,aquel barrio
15347175,30,,2997,2997,2997,2997,2997,2997,rawr,repartirlo
15347175,30,timeout,10003,10003,10003,10003,10003,10003,timeout,repartirlo
15347175,1,,77706,77690,77706,77706,77690,77706,,
15347175,1,,119995,119993,119995,119995,119993,119995,,
15347175,1,completado,16048,16031,16048,16048,16031,16048,click,cumplido
15347175,2,inició,27240,27224,27240,27240,27224,27240,click,iniciara
15347175,3,encargar,607,600,607,607,600,607,click,encargar
15347175,4,hubiera servido,1366,1349,1366,1366,1349,1366,click,sirviera
15347175,5,superar,999,982,999,999,982,999,click,superar
15347175,6,con,783,766,783,783,766,783,click,con
15347175,7,poder,483,466,483,483,466,483,click,poder
15347175,8,al,450,433,450,450,433,450,click,a
15347175,9,había,450,433,450,450,433,450,click,había
15347175,10,lo que,1166,1149,1166,1166,1149,1166,click,lo que
15347175,11,tratado,383,366,383,383,366,383,click,tratado
15347175,12,disminuido,432,416,432,432,416,432,click,restringido
15347175,13,enseñarán,482,466,482,482,466,482,click,enseñarán
15347175,14,para,682,666,682,682,666,682,click,sobre
15347175,15,así,484,467,484,484,467,484,click,así
15347175,16,es,1297,1281,1297,1297,1281,1297,click,sea
15347175,17,aspectos,632,616,632,632,616,632,click,niveles
15347175,18,para,582,566,582,582,566,582,click,a
15347175,19,pleno,932,916,932,932,916,932,click,pleno
15347175,20,pasada,484,467,484,484,467,484,click,próxima
15347175,,END,,,561048,,,,,
15356705,,BEGIN,,,,,,,,
15356705,1,,47760.286,47749.986,47760.286,47760.286,47749.986,47760.286,,
15356705,1,,3000.1,3000.1,3000.1,3000.1,3000.1,3000.1,rawr,desconsolado
15356705,1,alegre,2443.1,2433.3,2443.1,2443.1,2433.3,2443.1,click,desconsolado
15356705,2,,3000,3000,3000,3000,3000,3000,rawr,falta
15356705,2,regalan,2027,2016.7,2027,2027,2016.7,2027,click,falta
15356705,3,,3000,3000,3000,3000,3000,3000,rawr,enfermo
15356705,3,vestido,1860.4,1850,1860.4,1860.4,1850,1860.4,click,enfermo
15356705,4,,3000,3000,3000,3000,3000,3000,rawr,caliente
15356705,4,caliente,8410.6,8400,8410.6,8410.6,8400,8410.6,click,caliente
15356705,5,,2999.9,2999.9,2999.9,2999.9,2999.9,2999.9,rawr,ver
15356705,5,ver,3409.1,3400,3409.1,3409.1,3400,3409.1,click,ver
15356705,6,,3000,3000,3000,3000,3000,3000,rawr,salir de casa
15356705,6,respirar con pena,6610.5,6600,6610.5,6610.5,6600,6610.5,click,salir de casa
15356705,7,,3000,3000,3000,3000,3000,3000,rawr,estrellas
15356705,7,estrellas,1743,1733.3,1743,1743,1733.3,1743,click,estrellas
15356705,8,,3000,3000,3000,3000,3000,3000,rawr,¿Qué tal?
15356705,8,¿Qué tal?,2277.1,2266.7,2277.1,2277.1,2266.7,2277.1,click,¿Qué tal?
15356705,9,,3000,3000,3000,3000,3000,3000,rawr,ladrar
15356705,9,ladrar,4411.2,4400,4411.2,4411.2,4400,4411.2,click,ladrar
15356705,10,,3000,3000,3000,3000,3000,3000,rawr,despertador
15356705,10,estante,4160.1,4150,4160.1,4160.1,4150,4160.1,click,despertador
15356705,11,,2999.9,2999.9,2999.9,2999.9,2999.9,2999.9,rawr,aceite
15356705,11,aceite,4476.4,4466.7,4476.4,4476.4,4466.7,4476.4,click,aceite
15356705,12,,3000,3000,3000,3000,3000,3000,rawr,tomamos asiento
15356705,12,tomamos asiento,4876.7,4866.7,4876.7,4876.7,4866.7,4876.7,click,tomamos asiento
15356705,13,,3000,3000,3000,3000,3000,3000,rawr,cortarte
15356705,13,cortarte,7159.5,7150,7159.5,7159.5,7150,7159.5,click,cortarte
15356705,14,,2999.4,2999.4,2999.4,2999.4,2999.4,2999.4,rawr,patinar
15356705,14,cantar,7109.8,7100.5,7109.8,7109.8,7100.5,7109.8,click,patinar
15356705,15,,3000,3000,3000,3000,3000,3000,rawr,fuego
15356705,15,fuego,3076.3,3066.7,3076.3,3076.3,3066.7,3076.3,click,fuego
15356705,16,,3000,3000,3000,3000,3000,3000,rawr,la noticia que deseaba
15356705,16,el periódico perdido,9109.3,9100,9109.3,9109.3,9100,9109.3,click,la noticia que deseaba
15356705,17,,3000,3000,3000,3000,3000,3000,rawr,aliviar
15356705,17,aliviar,4492.9,4483.3,4492.9,4492.9,4483.3,4492.9,click,aliviar
15356705,18,,3000,3000,3000,3000,3000,3000,rawr,perecer
15356705,18,parecer,525.9,516.7,525.9,525.9,516.7,525.9,click,perecer
15356705,19,,2999.9,2999.9,2999.9,2999.9,2999.9,2999.9,rawr,darle una limosna
15356705,19,echar una mirada,425.9,416.7,425.9,425.9,416.7,425.9,click,darle una limosna
15356705,20,,3000.1,3000.1,3000.1,3000.1,3000.1,3000.1,rawr,monedas
15356705,20,pedazos,6827.1,6816.5,6827.1,6827.1,6816.5,6827.1,click,monedas
15356705,21,,3000.1,3000.1,3000.1,3000.1,3000.1,3000.1,rawr,las caricias
15356705,21,los golpes,643.8,633.3,643.8,643.8,633.3,643.8,click,las caricias
15356705,22,,3000,3000,3000,3000,3000,3000,rawr,escondérmela
15356705,22,acabármela,392.9,383.3,392.9,392.9,383.3,392.9,click,escondérmela
15356705,23,,3000,3000,3000,3000,3000,3000,rawr,Dios sabe dónde
15356705,23,en el fuego,344,333.3,344,344,333.3,344,click,Dios sabe dónde
15356705,24,,3000,3000,3000,3000,3000,3000,rawr,tuviste la culpa
15356705,24,tuviste la culpa,977,966.7,977,977,966.7,977,click,tuviste la culpa
15356705,25,,3000,3000,3000,3000,3000,3000,rawr,la cría de reses
15356705,25,la construcción de trampas,1192.5,1183.4,1192.5,1192.5,1183.4,1192.5,click,la cría de reses
15356705,26,,2999.9,2999.9,2999.9,2999.9,2999.9,2999.9,rawr,del fallecimiento
15356705,26,del fallecimiento,577.2,566.8,577.2,577.2,566.8,577.2,click,del fallecimiento
15356705,27,,2999.9,2999.9,2999.9,2999.9,2999.9,2999.9,rawr,llevarlo a cabo
15356705,27,llevarlo a cabo,977.1,966.6,977.1,977.1,966.6,977.1,click,llevarlo a cabo
15356705,28,,3000.1,3000.1,3000.1,3000.1,3000.1,3000.1,rawr,los naufragios
15356705,28,los peces,826.9,816.7,826.9,826.9,816.7,826.9,click,los naufragios
15356705,29,,3000,3000,3000,3000,3000,3000,rawr,aquel barrio
15356705,29,el puente,692.6,683.3,692.6,692.6,683.3,692.6,click,aquel barrio
15356705,30,,3000,3000,3000,3000,3000,3000,rawr,repartirlo
15356705,30,conservarlo,392.1,383.3,392.1,392.1,383.3,392.1,click,repartirlo
15356705,1,,58876.5,58866.6,58876.5,58876.5,58866.6,58876.5,,
15356705,1,,71126.1,71115.8,71126.1,71126.1,71115.8,71126.1,,
15356705,1,completado,3927.1,3917.4,3927.1,3927.1,3917.4,3927.1,click,cumplido
15356705,2,iniciara,3159.4,3149.9,3159.4,3159.4,3149.9,3159.4,click,iniciara
15356705,3,encargar,1742.5,1733.4,1742.5,1742.5,1733.4,1742.5,click,encargar
15356705,4,haya servido,2060,2050,2060,2060,2050,2060,click,sirviera
15356705,5,superar,2292.7,2283.3,2292.7,2292.7,2283.3,2292.7,click,superar
15356705,6,con,2108.8,2100,2108.8,2108.8,2100,2108.8,click,con
15356705,7,poder,3559.3,3550,3559.3,3559.3,3550,3559.3,click,poder
15356705,8,a,1876.3,1866.7,1876.3,1876.3,1866.7,1876.3,click,a
15356705,9,había,3843,3833.3,3843,3843,3833.3,3843,click,había
15356705,10,que,3027,3016.6,3027,3027,3016.6,3027,click,lo que
15356705,11,tratado,3176.2,3166.8,3176.2,3176.2,3166.8,3176.2,click,tratado
15356705,12,restringido,1275.7,1266.6,1275.7,1275.7,1266.6,1275.7,click,restringido
15356705,13,enseñarán,2475.7,2466.7,2475.7,2475.7,2466.7,2475.7,click,enseñarán
15356705,14,sobre,2277.2,2266.7,2277.2,2277.2,2266.7,2277.2,click,sobre
15356705,15,para,2125.9,2116.6,2125.9,2125.9,2116.6,2125.9,click,así
15356705,16,sea,3442.2,3433.4,3442.2,3442.2,3433.4,3442.2,click,sea
15356705,17,niveles,1875.7,1866.6,1875.7,1875.7,1866.6,1875.7,click,niveles
15356705,18,a,1692.5,1683.3,1692.5,1692.5,1683.3,1692.5,click,a
15356705,19,pleno,1692.5,1683.3,1692.5,1692.5,1683.3,1692.5,click,pleno
15356705,20,próxima,1142.8,1132.7,1142.8,1142.8,1132.7,1142.8,click,próxima
15356705,,END,,,408445,,,,,
15356945,,BEGIN,,,,,,,,
15356945,1,,30818,30801,30818,30818,30801,30818,,
15356945,1,,2995,2995,2995,2995,2995,2995,rawr,desconsolado
15356945,1,desconsolado,1995,1978,1995,1995,1978,1995,click,desconsolado
15356945,2,,3007,3007,3007,3007,3007,3007,rawr,falta
15356945,2,presta,5766,5749,5766,5766,5749,5766,click,falta
15356945,3,,3007,3007,3007,3007,3007,3007,rawr,enfermo
15356945,3,enfermo,3709,3693,3709,3709,3693,3709,click,enfermo
15356945,4,,2996,2996,2996,2996,2996,2996,rawr,caliente
15356945,4,caliente,1601,1584,1601,1601,1584,1601,click,caliente
15356945,5,,3007,3007,3007,3007,3007,3007,rawr,ver
15356945,5,ver,5081,5064,5081,5081,5064,5081,click,ver
15356945,6,,2995,2995,2995,2995,2995,2995,rawr,salir de casa
15356945,6,respirar con pena,4236,4219,4236,4236,4219,4236,click,salir de casa
15356945,7,,2996,2996,2996,2996,2996,2996,rawr,estrellas
15356945,7,estrellas,3002,2985,3002,3002,2985,3002,click,estrellas
15356945,8,,3007,3007,3007,3007,3007,3007,rawr,¿Qué tal?
15356945,8,¿Qué tal?,4544,4528,4544,4544,4528,4544,click,¿Qué tal?
15356945,9,,2998,2998,2998,2998,2998,2998,rawr,ladrar
15356945,9,ladrar,4507,4490,4507,4507,4490,4507,click,ladrar
15356945,10,,2997,2997,2997,2997,2997,2997,rawr,despertador
15356945,10,despertador,3319,3302,3319,3319,3302,3319,click,despertador
15356945,11,,2993,2993,2993,2993,2993,2993,rawr,aceite
15356945,11,aceite,3758,3741,3758,3758,3741,3758,click,aceite
15356945,12,,2993,2993,2993,2993,2993,2993,rawr,tomamos asiento
15356945,12,tomamos asiento,2470,2453,2470,2470,2453,2470,click,tomamos asiento
15356945,13,,3008,3008,3008,3008,3008,3008,rawr,cortarte
15356945,13,cortarte,1303,1286,1303,1303,1286,1303,click,cortarte
15356945,14,,3007,3007,3007,3007,3007,3007,rawr,patinar
15356945,14,patinar,3692,3675,3692,3692,3675,3692,click,patinar
15356945,15,,2994,2994,2994,2994,2994,2994,rawr,fuego
15356945,15,fuego,6313,6296,6313,6313,6296,6313,click,fuego
15356945,16,,2999,2999,2999,2999,2999,2999,rawr,la noticia que deseaba
15356945,16,la noticia que deseaba,5504,5487,5504,5504,5487,5504,click,la noticia que deseaba
15356945,17,,3001,3001,3001,3001,3001,3001,rawr,aliviar
15356945,17,aliviar,4957,4940,4957,4957,4940,4957,click,aliviar
15356945,18,,2997,2997,2997,2997,2997,2997,rawr,perecer
15356945,18,perecer,6476,6460,6476,6476,6460,6476,click,perecer
15356945,19,,3003,3003,3003,3003,3003,3003,rawr,darle una limosna
15356945,19,timeout,9997,9997,9997,9997,9997,9997,timeout,darle una limosna
15356945,20,,2999,2999,2999,2999,2999,2999,rawr,monedas
15356945,20,monedas,2148,2131,2148,2148,2131,2148,click,monedas
15356945,21,,3007,3007,3007,3007,3007,3007,rawr,las caricias
15356945,21,las caricias,3176,3159,3176,3176,3159,3176,click,las caricias
15356945,22,,3007,3007,3007,3007,3007,3007,rawr,escondérmela
15356945,22,escondérmela,3276,3259,3276,3276,3259,3276,click,escondérmela
15356945,23,,3007,3007,3007,3007,3007,3007,rawr,Dios sabe dónde
15356945,23,lleno de alboroto,5598,5581,5598,5598,5581,5598,click,Dios sabe dónde
15356945,24,,2997,2997,2997,2997,2997,2997,rawr,tuviste la culpa
15356945,24,tuviste la culpa,6008,5991,6008,6008,5991,6008,click,tuviste la culpa
15356945,25,,2999,2999,2999,2999,2999,2999,rawr,la cría de reses
15356945,25,la cría de reses,5789,5772,5789,5789,5772,5789,click,la cría de reses
15356945,26,,2999,2999,2999,2999,2999,2999,rawr,del fallecimiento
15356945,26,del fallecimiento,1963,1946,1963,1963,1946,1963,click,del fallecimiento
15356945,27,,3007,3007,3007,3007,3007,3007,rawr,llevarlo a cabo
15356945,27,llevarlo a cabo,3993,3976,3993,3993,3976,3993,click,llevarlo a cabo
15356945,28,,2997,2997,2997,2997,2997,2997,rawr,los naufragios
15356945,28,los faros,7028,7011,7028,7028,7011,7028,click,los naufragios
15356945,29,,2999,2999,2999,2999,2999,2999,rawr,aquel barrio
15356945,29,aquel barrio,5151,5134,5151,5151,5134,5151,click,aquel barrio
15356945,30,,2995,2995,2995,2995,2995,2995,rawr,repartirlo
15356945,30,repartirlo,5200,5184,5200,5200,5184,5200,click,repartirlo
15356945,1,,15473,15456,15473,15473,15456,15473,,
15356945,1,,66423,66407,66423,66423,66407,66423,,
15356945,1,cumplido,4812,4796,4812,4812,4796,4812,click,cumplido
15356945,2,iniciara,8661,8643,8661,8661,8643,8661,click,iniciara
15356945,3,encargar,9152,9135,9152,9152,9135,9152,click,encargar
15356945,4,sirviera,6757,6740,6757,6757,6740,6757,click,sirviera
15356945,5,superar,6426,6409,6426,6426,6409,6426,click,superar
15356945,6,con,11527,11510,11527,11527,11510,11527,click,con
15356945,7,poder,8735,8718,8735,8735,8718,8735,click,poder
15356945,8,al,6798,6781,6798,6798,6781,6798,click,a
15356945,9,había,15296,15279,15296,15296,15279,15296,click,había
15356945,10,lo que,9504,9488,9504,9504,9488,9504,click,lo que
15356945,11,pretendido,16626,16610,16626,16626,16610,16626,click,tratado
15356945,12,restringido,6786,6769,6786,6786,6769,6786,click,restringido
15356945,13,darán,7197,7180,7197,7197,7180,7197,click,enseñarán
15356945,14,sobre,3451,3434,3451,3451,3434,3451,click,sobre
15356945,15,así,11967,11951,11967,11967,11951,11967,click,así
15356945,16,sea,4265,4248,4265,4265,4248,4265,click,sea
15356945,17,aspectos,19226,19210,19226,19226,19210,19226,click,niveles
15356945,18,a,5262,5245,5262,5262,5245,5262,click,a
15356945,19,pleno,15422,15405,15422,15422,15405,15422,click,pleno
15356945,20,próxima,8351,8334,8351,8351,8334,8351,click,próxima
15356945,,END,,,519622,,,,,
15408508,,BEGIN,,,,,,,,
15408508,1,,7675.6,7658.9,7675.6,7675.6,7658.9,7675.6,,
15408508,1,,3007.3,3007.3,3007.3,3007.3,3007.3,3007.3,rawr,desconsolado
15408508,1,desconsolado,3594,3584,3594,3594,3584,3594,click,desconsolado
15408508,2,,3000.1,3000.1,3000.1,3000.1,3000.1,3000.1,rawr,falta
15408508,2,falta,3043.6,3033.5,3043.6,3043.6,3033.5,3043.6,click,falta
15408508,3,,2999.6,2999.6,2999.6,2999.6,2999.6,2999.6,rawr,enfermo
15408508,3,enfermo,3527.6,3517.2,3527.6,3527.6,3517.2,3527.6,click,enfermo
15408508,4,,3000.3,3000.3,3000.3,3000.3,3000.3,3000.3,rawr,caliente
15408508,4,agrio,7692.7,7684.1,7692.7,7692.7,7684.1,7692.7,click,caliente
15408508,5,,2998.8,2998.8,2998.8,2998.8,2998.8,2998.8,rawr,ver
15408508,5,ver,2426.3,2416.8,2426.3,2426.3,2416.8,2426.3,click,ver
15408508,6,,3000.2,3000.2,3000.2,3000.2,3000.2,3000.2,rawr,salir de casa
15408508,6,respirar con pena,6526.2,6516.2,6526.2,6526.2,6516.2,6526.2,click,salir de casa
15408508,7,,3000.3,3000.3,3000.3,3000.3,3000.3,3000.3,rawr,estrellas
15408508,7,estrellas,1991.6,1982.6,1991.6,1991.6,1982.6,1991.6,click,estrellas
15408508,8,,3000.7,3000.7,3000.7,3000.7,3000.7,3000.7,rawr,¿Qué tal?
15408508,8,¿Qué tal?,3859.7,3850.2,3859.7,3859.7,3850.2,3859.7,click,¿Qué tal?
15408508,9,,3000,3000,3000,3000,3000,3000,rawr,ladrar
15408508,9,olor,9176,9165.9,9176,9176,9165.9,9176,click,ladrar
15408508,10,,3000.3,3000.3,3000.3,3000.3,3000.3,3000.3,rawr,despertador
15408508,10,bolsillo,5976.3,5966.3,5976.3,5976.3,5966.3,5976.3,click,despertador
15408508,11,,3000.3,3000.3,3000.3,3000.3,3000.3,3000.3,rawr,aceite
15408508,11,aceite,8710,8699.9,8710,8710,8699.9,8710,click,aceite
15408508,12,,3000,3000,3000,3000,3000,3000,rawr,tomamos asiento
15408508,12,nos acostamos pronto,6492.9,6483.7,6492.9,6492.9,6483.7,6492.9,click,tomamos asiento
15408508,13,,3000,3000,3000,3000,3000,3000,rawr,cortarte
15408508,13,cortarte,2326.4,2316.6,2326.4,2326.4,2316.6,2326.4,click,cortarte
15408508,14,,2999.9,2999.9,2999.9,2999.9,2999.9,2999.9,rawr,patinar
15408508,14,patinar,6426.9,6417.2,6426.9,6426.9,6417.2,6426.9,click,patinar
15408508,15,,2999.9,2999.9,2999.9,2999.9,2999.9,2999.9,rawr,fuego
15408508,15,fuego,8242.7,8233.2,8242.7,8242.7,8233.2,8242.7,click,fuego
15408508,16,,2999.7,2999.7,2999.7,2999.7,2999.7,2999.7,rawr,la noticia que deseaba
15408508,16,timeout,9999.9,9999.9,9999.9,9999.9,9999.9,9999.9,timeout,la noticia que deseaba
15408508,17,,3000.1,3000.1,3000.1,3000.1,3000.1,3000.1,rawr,aliviar
15408508,17,aliviar,6143.2,6133.7,6143.2,6143.2,6133.7,6143.2,click,aliviar
15408508,18,,2999.9,2999.9,2999.9,2999.9,2999.9,2999.9,rawr,perecer
15408508,18,parecer,2475.7,2466,2475.7,2475.7,2466,2475.7,click,perecer
15408508,19,,3000.2,3000.2,3000.2,3000.2,3000.2,3000.2,rawr,darle una limosna
15408508,19,maldecir,8859.5,8850.2,8859.5,8859.5,8850.2,8859.5,click,darle una limosna
15408508,20,,3000,3000,3000,3000,3000,3000,rawr,monedas
15408508,20,paz,6775.9,6767,6775.9,6775.9,6767,6775.9,click,monedas
15408508,21,,2999.5,2999.5,2999.5,2999.5,2999.5,2999.5,rawr,las caricias
15408508,21,los engaños,7076.5,7066.3,7076.5,7076.5,7066.3,7076.5,click,las caricias
15408508,22,,3000.2,3000.2,3000.2,3000.2,3000.2,3000.2,rawr,escondérmela
15408508,22,timeout,9999.8,9999.8,9999.8,9999.8,9999.8,9999.8,timeout,escondérmela
15408508,23,,3000.3,3000.3,3000.3,3000.3,3000.3,3000.3,rawr,Dios sabe dónde
15408508,23,lleno de alboroto,6309.5,6299.4,6309.5,6309.5,6299.4,6309.5,click,Dios sabe dónde
15408508,24,,3000.3,3000.3,3000.3,3000.3,3000.3,3000.3,rawr,tuviste la culpa
15408508,24,sabes la gravedad,6310.7,6300.2,6310.7,6310.7,6300.2,6310.7,click,tuviste la culpa
15408508,25,,3000,3000,3000,3000,3000,3000,rawr,la cría de reses
15408508,25,el fomento de motines,6225.6,6216.2,6225.6,6225.6,6216.2,6225.6,click,la cría de reses
15408508,26,,3000.3,3000.3,3000.3,3000.3,3000.3,3000.3,rawr,del fallecimiento
15408508,26,timeout,10000.5,10000.5,10000.5,10000.5,10000.5,10000.5,timeout,del fallecimiento
15408508,27,,3000.2,3000.2,3000.2,3000.2,3000.2,3000.2,rawr,llevarlo a cabo
15408508,27,rechazarlo,5292.3,5282.2,5292.3,5292.3,5282.2,5292.3,click,llevarlo a cabo
15408508,28,,3000.3,3000.3,3000.3,3000.3,3000.3,3000.3,rawr,los naufragios
15408508,28,las playas,8092.4,8083,8092.4,8092.4,8083,8092.4,click,los naufragios
15408508,29,,3000.3,3000.3,3000.3,3000.3,3000.3,3000.3,rawr,aquel barrio
15408508,29,el callejeo,4893.1,4883.2,4893.1,4893.1,4883.2,4893.1,click,aquel barrio
15408508,30,,3000.2,3000.2,3000.2,3000.2,3000.2,3000.2,rawr,repartirlo
15408508,30,hojearlo,5226.9,5216.3,5226.9,5226.9,5216.3,5226.9,click,repartirlo
15408508,1,,9643.4,9634.1,9643.4,9643.4,9634.1,9643.4,,
15408508,1,,75792.7,75782.8,75792.7,75792.7,75782.8,75792.7,,
15408508,1,terminado,13193.4,13183.4,13193.4,13193.4,13183.4,13193.4,click,cumplido
15408508,2,inició,9576.6,9568.1,9576.6,9576.6,9568.1,9576.6,click,iniciara
15408508,3,encargar,13807.5,13798.1,13807.5,13807.5,13798.1,13807.5,click,encargar
15408508,4,hubiera servido,15726.9,15718.1,15726.9,15726.9,15718.1,15726.9,click,sirviera
15408508,5,enfrentarse,8941.6,8933.4,8941.6,8941.6,8933.4,8941.6,click,superar
15408508,6,con,10275.5,10265.7,10275.5,10275.5,10265.7,10275.5,click,con
15408508,7,voluntad,12576.4,12566.1,12576.4,12576.4,12566.1,12576.4,click,poder
15408508,8,al,7859.8,7850.4,7859.8,7859.8,7850.4,7859.8,click,a
15408508,9,había,20193.1,20183,20193.1,20193.1,20183,20193.1,click,había
15408508,10,lo que,13825.3,13816.4,13825.3,13825.3,13816.4,13825.3,click,lo que
15408508,11,tratado,17142.9,17132.2,17142.9,17142.9,17132.2,17142.9,click,tratado
15408508,12,disminuido,11578.8,11567.7,11578.8,11578.8,11567.7,11578.8,click,restringido
15408508,13,darán,12610.3,12599.9,12610.3,12610.3,12599.9,12610.3,click,enseñarán
15408508,14,sobre,8793.5,8783.4,8793.5,8793.5,8783.4,8793.5,click,sobre
15408508,15,así,17293.6,17284.4,17293.6,17293.6,17284.4,17293.6,click,así
15408508,16,será,10025.7,10015.9,10025.7,10025.7,10015.9,10025.7,click,sea
15408508,17,aspectos,25942.7,25931.8,25942.7,25942.7,25931.8,25942.7,click,niveles
15408508,18,a,4677.7,4667.9,4677.7,4677.7,4667.9,4677.7,click,a
15408508,19,pleno,12676.9,12666.4,12676.9,12676.9,12666.4,12676.9,click,pleno
15408508,20,pasada,12343.7,12333.2,12343.7,12343.7,12333.2,12343.7,click,próxima
15408508,,END,,,625359,,,,,
15408880,,BEGIN,,,,,,,,
15408880,1,,8193.972,8184.072,8193.972,8193.972,8184.072,8193.972,,
15408880,1,,2999.6,2999.6,2999.6,2999.6,2999.6,2999.6,rawr,desconsolado
15408880,1,fatigado,2625.7,2616.3,2625.7,2625.7,2616.3,2625.7,click,desconsolado
15408880,2,,3000.1,3000.1,3000.1,3000.1,3000.1,3000.1,rawr,falta
15408880,2,falta,2309.8,2299.8,2309.8,2309.8,2299.8,2309.8,click,falta
15408880,3,,3000,3000,3000,3000,3000,3000,rawr,enfermo
15408880,3,enfermo,1126.1,1116.7,1126.1,1126.1,1116.7,1126.1,click,enfermo
15408880,4,,3000,3000,3000,3000,3000,3000,rawr,caliente
15408880,4,caliente,2659.6,2650,2659.6,2659.6,2650,2659.6,click,caliente
15408880,5,,2999.9,2999.9,2999.9,2999.9,2999.9,2999.9,rawr,ver
15408880,5,ver,925.7,916.7,925.7,925.7,916.7,925.7,click,ver
15408880,6,,3000,3000,3000,3000,3000,3000,rawr,salir de casa
15408880,6,salir de casa,2275.9,2265.7,2275.9,2275.9,2265.7,2275.9,click,salir de casa
15408880,7,,3001,3001,3001,3001,3001,3001,rawr,estrellas
15408880,7,estrellas,958.7,950,958.7,958.7,950,958.7,click,estrellas
15408880,8,,2999.9,2999.9,2999.9,2999.9,2999.9,2999.9,rawr,¿Qué tal?
15408880,8,¿Qué tal?,2025.5,2016.6,2025.5,2025.5,2016.6,2025.5,click,¿Qué tal?
15408880,9,,3000,3000,3000,3000,3000,3000,rawr,ladrar
15408880,9,ladrar,1675.9,1666.7,1675.9,1675.9,1666.7,1675.9,click,ladrar
15408880,10,,3000,3000,3000,3000,3000,3000,rawr,despertador
15408880,10,despertador,1976.3,1965.7,1976.3,1976.3,1965.7,1976.3,click,despertador
15408880,11,,3000.9,3000.9,3000.9,3000.9,3000.9,3000.9,rawr,aceite
15408880,11,aceite,2109.5,2099,2109.5,2109.5,2099,2109.5,click,aceite
15408880,12,,3000.9,3000.9,3000.9,3000.9,3000.9,3000.9,rawr,tomamos asiento
15408880,12,comenzamos a fumar,2526.3,2516.6,2526.3,2526.3,2516.6,2526.3,click,tomamos asiento
15408880,13,,3000,3000,3000,3000,3000,3000,rawr,cortarte
15408880,13,cortarte,1893.3,1882.4,1893.3,1893.3,1882.4,1893.3,click,cortarte
15408880,14,,3000,3000,3000,3000,3000,3000,rawr,patinar
15408880,14,almorzar,3393.8,3384.2,3393.8,3393.8,3384.2,3393.8,click,patinar
15408880,15,,3000.1,3000.1,3000.1,3000.1,3000.1,3000.1,rawr,fuego
15408880,15,cuero,4659.1,4649,4659.1,4659.1,4649,4659.1,click,fuego
15408880,16,,3000.9,3000.9,3000.9,3000.9,3000.9,3000.9,rawr,la noticia que deseaba
15408880,16,el periódico perdido,5459.7,5450,5459.7,5459.7,5450,5459.7,click,la noticia que deseaba
15408880,17,,2998.9,2998.9,2998.9,2998.9,2998.9,2998.9,rawr,aliviar
15408880,17,aliviar,2843.6,2834.3,2843.6,2843.6,2834.3,2843.6,click,aliviar
15408880,18,,3000,3000,3000,3000,3000,3000,rawr,perecer
15408880,18,acabar,4442.9,4433.3,4442.9,4442.9,4433.3,4442.9,click,perecer
15408880,19,,3000,3000,3000,3000,3000,3000,rawr,darle una limosna
15408880,19,darle una limosna,3925.9,3916.6,3925.9,3925.9,3916.6,3925.9,click,darle una limosna
15408880,20,,3000,3000,3000,3000,3000,3000,rawr,monedas
15408880,20,monedas,2509.8,2499.9,2509.8,2509.8,2499.9,2509.8,click,monedas
15408880,21,,2999.1,2999.1,2999.1,2999.1,2999.1,2999.1,rawr,las caricias
15408880,21,las caricias,1943.7,1933.3,1943.7,1943.7,1933.3,1943.7,click,las caricias
15408880,22,,3000.9,3000.9,3000.9,3000.9,3000.9,3000.9,rawr,escondérmela
15408880,22,escondérmela,3476.9,3465.8,3476.9,3476.9,3465.8,3476.9,click,escondérmela
15408880,23,,3000.8,3000.8,3000.8,3000.8,3000.8,3000.8,rawr,Dios sabe dónde
15408880,23,en el bosillo,2559.5,2550.1,2559.5,2559.5,2550.1,2559.5,click,Dios sabe dónde
15408880,24,,2999.9,2999.9,2999.9,2999.9,2999.9,2999.9,rawr,tuviste la culpa
15408880,24,sabes la gravedad,2326.3,2316.7,2326.3,2326.3,2316.7,2326.3,click,tuviste la culpa
15408880,25,,3000,3000,3000,3000,3000,3000,rawr,la cría de reses
15408880,25,el fomento de motines,2209.3,2199.9,2209.3,2209.3,2199.9,2209.3,click,la cría de reses
15408880,26,,3000,3000,3000,3000,3000,3000,rawr,del fallecimiento
15408880,26,del fallecimiento,1775.9,1765.7,1775.9,1775.9,1765.7,1775.9,click,del fallecimiento
15408880,27,,3000.9,3000.9,3000.9,3000.9,3000.9,3000.9,rawr,llevarlo a cabo
15408880,27,llevarlo a cabo,3993.7,3983.4,3993.7,3993.7,3983.4,3993.7,click,llevarlo a cabo
15408880,28,,2999.9,2999.9,2999.9,2999.9,2999.9,2999.9,rawr,los naufragios
15408880,28,los peces,2425.9,2416.7,2425.9,2425.9,2416.7,2425.9,click,los naufragios
15408880,29,,3000,3000,3000,3000,3000,3000,rawr,aquel barrio
15408880,29,aquel barrio,2476.1,2466.7,2476.1,2476.1,2466.7,2476.1,click,aquel barrio
15408880,30,,2999.9,2999.9,2999.9,2999.9,2999.9,2999.9,rawr,repartirlo
15408880,30,conservarlo,2609.1,2600,2609.1,2609.1,2600,2609.1,click,repartirlo
15408880,1,,1726.1,1716.6,1726.1,1726.1,1716.6,1726.1,,
15408880,1,,49525.9,49516.3,49525.9,49525.9,49516.3,49525.9,,
15408880,1,terminado,8076.2,8065.9,8076.2,8076.2,8065.9,8076.2,click,cumplido
15408880,2,iniciara,7743.6,7734,7743.6,7743.6,7734,7743.6,click,iniciara
15408880,3,encargar,7326.1,7316.7,7326.1,7326.1,7316.7,7326.1,click,encargar
15408880,4,haya servido,5943.3,5933.2,5943.3,5943.3,5933.2,5943.3,click,sirviera
15408880,5,superar,7676.1,7666.6,7676.1,7676.1,7666.6,7676.1,click,superar
15408880,6,por,5859.5,5850,5859.5,5859.5,5850,5859.5,click,con
15408880,7,favor,4375.8,4366.6,4375.8,4375.8,4366.6,4375.8,click,poder
15408880,8,a,3109.8,3099.7,3109.8,3109.8,3099.7,3109.8,click,a
15408880,9,había,7626.4,7616.9,7626.4,7626.4,7616.9,7626.4,click,había
15408880,10,el que,4142.5,4132.3,4142.5,4142.5,4132.3,4142.5,click,lo que
15408880,11,tratado,5210.7,5200.9,5210.7,5210.7,5200.9,5210.7,click,tratado
15408880,12,restringido,5242.9,5233.3,5242.9,5242.9,5233.3,5242.9,click,restringido
15408880,13,dirán,5526.4,5515.7,5526.4,5526.4,5515.7,5526.4,click,enseñarán
15408880,14,para,4227.4,4217.6,4227.4,4227.4,4217.6,4227.4,click,sobre
15408880,15,así,9043,9033.3,9043,9043,9033.3,9043,click,así
15408880,16,es,4926.5,4916.6,4926.5,4926.5,4916.6,4926.5,click,sea
15408880,17,aspectos,10510,10500,10510,10510,10500,10510,click,niveles
15408880,18,a,1975.9,1965.6,1975.9,1975.9,1965.6,1975.9,click,a
15408880,19,total,3760.3,3751,3760.3,3760.3,3751,3760.3,click,pleno
15408880,20,próxima,3992.4,3983.3,3992.4,3992.4,3983.3,3992.4,click,próxima
15408880,,END,,,343331,,,,,
15411133,,BEGIN,,,,,,,,
15411133,1,,16063.8,16052.6,16063.8,16063.8,16052.6,16063.8,,
15411133,1,,3000,3000,3000,3000,3000,3000,rawr,desconsolado
15411133,1,hambriento,6646.1,6633.3,6646.1,6646.1,6633.3,6646.1,click,desconsolado
15411133,2,,3000.3,3000.3,3000.3,3000.3,3000.3,3000.3,rawr,falta
15411133,2,presta,4014.7,3999.4,4014.7,4014.7,3999.4,4014.7,click,falta
15411133,3,,3000,3000,3000,3000,3000,3000,rawr,enfermo
15411133,3,parado,1433.7,1416.8,1433.7,1433.7,1416.8,1433.7,click,enfermo
15411133,4,,3000.3,3000.3,3000.3,3000.3,3000.3,3000.3,rawr,caliente
15411133,4,caliente,5378.4,5367.2,5378.4,5378.4,5367.2,5378.4,click,caliente
15411133,5,,2999.1,2999.1,2999.1,2999.1,2999.1,2999.1,rawr,ver
15411133,5,discurrir,1162.5,1149.8,1162.5,1162.5,1149.8,1162.5,click,ver
15411133,6,,3000.2,3000.2,3000.2,3000.2,3000.2,3000.2,rawr,salir de casa
15411133,6,recibir cartas,2351.8,2349.6,2351.8,2351.8,2349.6,2351.8,click,salir de casa
15411133,7,,3000.3,3000.3,3000.3,3000.3,3000.3,3000.3,rawr,estrellas
15411133,7,estrellas,832.7,816.4,832.7,832.7,816.4,832.7,click,estrellas
15411133,8,,3000.1,3000.1,3000.1,3000.1,3000.1,3000.1,rawr,¿Qué tal?
15411133,8,¿Quién es?,4461.2,4449.9,4461.2,4461.2,4449.9,4461.2,click,¿Qué tal?
15411133,9,,2999.9,2999.9,2999.9,2999.9,2999.9,2999.9,rawr,ladrar
15411133,9,hambre,890.9,883.6,890.9,890.9,883.6,890.9,click,ladrar
15411133,10,,2999.8,2999.8,2999.8,2999.8,2999.8,2999.8,rawr,despertador
15411133,10,calendario,1988.6,1983,1988.6,1988.6,1983,1988.6,click,despertador
15411133,11,,3000,3000,3000,3000,3000,3000,rawr,aceite
15411133,11,aceite,976.7,966.7,976.7,976.7,966.7,976.7,click,aceite
15411133,12,,3000.1,3000.1,3000.1,3000.1,3000.1,3000.1,rawr,tomamos asiento
15411133,12,fuimos a nadar,600.2,583.4,600.2,600.2,583.4,600.2,click,tomamos asiento
15411133,13,,2999.8,2999.8,2999.8,2999.8,2999.8,2999.8,rawr,cortarte
15411133,13,quemarte,1075.9,1066.8,1075.9,1075.9,1066.8,1075.9,click,cortarte
15411133,14,,3000.3,3000.3,3000.3,3000.3,3000.3,3000.3,rawr,patinar
15411133,14,cantar,870,866.6,870,870,866.6,870,click,patinar
15411133,15,,2999.6,2999.6,2999.6,2999.6,2999.6,2999.6,rawr,fuego
15411133,15,serpientes,398.1,383.4,398.1,398.1,383.4,398.1,click,fuego
15411133,16,,2999.9,2999.9,2999.9,2999.9,2999.9,2999.9,rawr,la noticia que deseaba
15411133,16,la noticia que deseaba,818.5,816.7,818.5,818.5,816.7,818.5,click,la noticia que deseaba
15411133,17,,3000.3,3000.3,3000.3,3000.3,3000.3,3000.3,rawr,aliviar
15411133,17,estorbar,365,349.4,365,365,349.4,365,click,aliviar
15411133,18,,3000.2,3000.2,3000.2,3000.2,3000.2,3000.2,rawr,perecer
15411133,18,acabar,418.6,416.8,418.6,418.6,416.8,418.6,click,perecer
15411133,19,,2999.7,2999.7,2999.7,2999.7,2999.7,2999.7,rawr,darle una limosna
15411133,19,pegarle,405.7,400.2,405.7,405.7,400.2,405.7,click,darle una limosna
15411133,20,,3000.2,3000.2,3000.2,3000.2,3000.2,3000.2,rawr,monedas
15411133,20,monedas,460.4,449.6,460.4,460.4,449.6,460.4,click,monedas
15411133,21,,2999.9,2999.9,2999.9,2999.9,2999.9,2999.9,rawr,las caricias
15411133,21,las caricias,531.8,517,531.8,531.8,517,531.8,click,las caricias
15411133,22,,2999.6,2999.6,2999.6,2999.6,2999.6,2999.6,rawr,escondérmela
15411133,22,dejármela,497.2,483.5,497.2,497.2,483.5,497.2,click,escondérmela
15411133,23,,2999.9,2999.9,2999.9,2999.9,2999.9,2999.9,rawr,Dios sabe dónde
15411133,23,Dios sabe dónde,429,418.2,429,429,418.2,429,click,Dios sabe dónde
15411133,24,,2998.3,2998.3,2998.3,2998.3,2998.3,2998.3,rawr,tuviste la culpa
15411133,24,eres testigo,261.6,249.9,261.6,261.6,249.9,261.6,click,tuviste la culpa
15411133,25,,3000.1,3000.1,3000.1,3000.1,3000.1,3000.1,rawr,la cría de reses
15411133,25,el fomento de motines,147.3,133.6,147.3,147.3,133.6,147.3,click,la cría de reses
15411133,26,,2999.8,2999.8,2999.8,2999.8,2999.8,2999.8,rawr,del fallecimiento
15411133,26,del éxito,178.9,166.6,178.9,178.9,166.6,178.9,click,del fallecimiento
15411133,27,,3000,3000,3000,3000,3000,3000,rawr,llevarlo a cabo
15411133,27,llevarlo a cabo,411.5,399.9,411.5,411.5,399.9,411.5,click,llevarlo a cabo
15411133,28,,3000,3000,3000,3000,3000,3000,rawr,los naufragios
15411133,28,los peces,652.7,650.1,652.7,652.7,650.1,652.7,click,los naufragios
15411133,29,,3000,3000,3000,3000,3000,3000,rawr,aquel barrio
15411133,29,aquel barrio,2016.4,1999.7,2016.4,2016.4,1999.7,2016.4,click,aquel barrio
15411133,30,,3000,3000,3000,3000,3000,3000,rawr,repartirlo
15411628,,BEGIN,,,,,,,,
15411628,1,,10671.936,10661.336,10671.936,10671.936,10661.336,10671.936,,
15411628,1,,3002.3,3002.3,3002.3,3002.3,3002.3,3002.3,rawr,desconsolado
15411628,1,desconsolado,5536,5521,5536,5536,5521,5536,click,desconsolado
15411628,2,,3002.5,3002.5,3002.5,3002.5,3002.5,3002.5,rawr,falta
15411628,2,regalan,6218.2,6206,6218.2,6218.2,6206,6218.2,click,falta
15411628,3,,3002.1,3002.1,3002.1,3002.1,3002.1,3002.1,rawr,enfermo
15411628,3,ocupado,7453.2,7439.9,7453.2,7453.2,7439.9,7453.2,click,enfermo
15411628,4,,3001.7,3001.7,3001.7,3001.7,3001.7,3001.7,rawr,caliente
15411628,4,timeout,10008.3,10008.3,10008.3,10008.3,10008.3,10008.3,timeout,caliente
15411628,5,,3002.6,3002.6,3002.6,3002.6,3002.6,3002.6,rawr,ver
15411628,5,ver,4923.1,4920.6,4923.1,4923.1,4920.6,4923.1,click,ver
15411628,6,,3002.8,3002.8,3002.8,3002.8,3002.8,3002.8,rawr,salir de casa
15411628,6,timeout,10009,10009,10009,10009,10009,10009,timeout,salir de casa
15411628,7,,3001.7,3001.7,3001.7,3001.7,3001.7,3001.7,rawr,estrellas
15411628,7,estrellas,6038.1,6021.5,6038.1,6038.1,6021.5,6038.1,click,estrellas
15411628,8,,3002.4,3002.4,3002.4,3002.4,3002.4,3002.4,rawr,¿Qué tal?
15411628,8,¿Qué tal?,6368.5,6355.5,6368.5,6368.5,6355.5,6368.5,click,¿Qué tal?
15411628,9,,3002.2,3002.2,3002.2,3002.2,3002.2,3002.2,rawr,ladrar
15411628,9,ladrar,5813.2,5805.1,5813.2,5813.2,5805.1,5813.2,click,ladrar
15411628,10,,3002.6,3002.6,3002.6,3002.6,3002.6,3002.6,rawr,despertador
15411628,10,despertador,5856.8,5854.7,5856.8,5856.8,5854.7,5856.8,click,despertador
15411628,11,,3002.2,3002.2,3002.2,3002.2,3002.2,3002.2,rawr,aceite
15411628,11,permiso,6730.2,6722.4,6730.2,6730.2,6722.4,6730.2,click,aceite
15411628,12,,3002.7,3002.7,3002.7,3002.7,3002.7,3002.7,rawr,tomamos asiento
15411628,12,comenzamos a fumar,5155.5,5154.2,5155.5,5155.5,5154.2,5155.5,click,tomamos asiento
15411628,13,,3002.5,3002.5,3002.5,3002.5,3002.5,3002.5,rawr,cortarte
15411628,13,cortarte,3682.1,3669.7,3682.1,3682.1,3669.7,3682.1,click,cortarte
15411628,14,,3003.5,3003.5,3003.5,3003.5,3003.5,3003.5,rawr,patinar
15411628,14,timeout,10007.1,10007.1,10007.1,10007.1,10007.1,10007.1,timeout,patinar
15411628,15,,3002.5,3002.5,3002.5,3002.5,3002.5,3002.5,rawr,fuego
15411628,15,cuero,5465,5454.7,5465,5465,5454.7,5465,click,fuego
15411628,16,,3002.2,3002.2,3002.2,3002.2,3002.2,3002.2,rawr,la noticia que deseaba
15411628,16,los diez centavos,7218.2,7206,7218.2,7218.2,7206,7218.2,click,la noticia que deseaba
15411628,17,,3002.7,3002.7,3002.7,3002.7,3002.7,3002.7,rawr,aliviar
15411628,17,timeout,9991.9,9991.9,9991.9,9991.9,9991.9,9991.9,timeout,aliviar
15411628,18,,3002,3002,3002,3002,3002,3002,rawr,perecer
15411628,18,parecer,6695.1,6688.9,6695.1,6695.1,6688.9,6695.1,click,perecer
15411628,19,,3002.3,3002.3,3002.3,3002.3,3002.3,3002.3,rawr,darle una limosna
15411628,19,darle una limosna,7698.6,7689.8,7698.6,7698.6,7689.8,7698.6,click,darle una limosna
15411628,20,,3002.8,3002.8,3002.8,3002.8,3002.8,3002.8,rawr,monedas
15411628,20,monedas,4609.6,4603.4,4609.6,4609.6,4603.4,4609.6,click,monedas
15411628,21,,3002.6,3002.6,3002.6,3002.6,3002.6,3002.6,rawr,las caricias
15411628,21,timeout,10008.5,10008.5,10008.5,10008.5,10008.5,10008.5,timeout,las caricias
15411628,22,,3002.5,3002.5,3002.5,3002.5,3002.5,3002.5,rawr,escondérmela
15411628,22,escondérmela,5887.3,5871.5,5887.3,5887.3,5871.5,5887.3,click,escondérmela
15411628,23,,3002.2,3002.2,3002.2,3002.2,3002.2,3002.2,rawr,Dios sabe dónde
15411628,23,Dios sabe dónde,3112.2,3102.8,3112.2,3112.2,3102.8,3112.2,click,Dios sabe dónde
15411628,24,,3003.2,3003.2,3003.2,3003.2,3003.2,3003.2,rawr,tuviste la culpa
15411628,24,conociste a las víctimas,3515.9,3502.2,3515.9,3515.9,3502.2,3515.9,click,tuviste la culpa
15411628,25,,3002.4,3002.4,3002.4,3002.4,3002.4,3002.4,rawr,la cría de reses
15411628,25,el costo de vida,4464.2,4453.8,4464.2,4464.2,4453.8,4464.2,click,la cría de reses
15411628,26,,3002.2,3002.2,3002.2,3002.2,3002.2,3002.2,rawr,del fallecimiento
15411628,26,de la buena suerte,4265.1,4253.6,4265.1,4265.1,4253.6,4265.1,click,del fallecimiento
15411628,27,,3002.9,3002.9,3002.9,3002.9,3002.9,3002.9,rawr,llevarlo a cabo
15411628,27,timeout,10008.3,10008.3,10008.3,10008.3,10008.3,10008.3,timeout,llevarlo a cabo
15411628,28,,3002.5,3002.5,3002.5,3002.5,3002.5,3002.5,rawr,los naufragios
15411628,28,los naufragios,7521.5,7505.9,7521.5,7521.5,7505.9,7521.5,click,los naufragios
15411628,29,,3002.4,3002.4,3002.4,3002.4,3002.4,3002.4,rawr,aquel barrio
15411628,29,timeout,10008.3,10008.3,10008.3,10008.3,10008.3,10008.3,timeout,aquel barrio
15411628,30,,3002.8,3002.8,3002.8,3002.8,3002.8,3002.8,rawr,repartirlo
15411628,30,timeout,10007.9,10007.9,10007.9,10007.9,10007.9,10007.9,timeout,repartirlo
15411628,1,,15244.5,15229.3,15244.5,15244.5,15229.3,15244.5,,
15411628,1,,61344.7,61334,61344.7,61344.7,61334,61344.7,,
15411628,1,completado,35547.3,35546.1,35547.3,35547.3,35546.1,35547.3,click,cumplido
15411628,2,inició,42790.4,42785.5,42790.4,42790.4,42785.5,42790.4,click,iniciara
15411628,3,mandar,16692.3,16680.5,16692.3,16692.3,16680.5,16692.3,click,encargar
15411628,4,hubiera servido,11028.4,11026,11028.4,11028.4,11026,11028.4,click,sirviera
15411628,5,superar,8268.1,8256.7,8268.1,8268.1,8256.7,8268.1,click,superar
15411628,6,en,8741.6,8740.7,8741.6,8741.6,8740.7,8741.6,click,con
15411628,7,favor,11866.7,11859.8,11866.7,11866.7,11859.8,11866.7,click,poder
15411628,8,al,22604.6,22601.9,22604.6,22604.6,22601.9,22604.6,click,a
15411628,9,habría,20783.3,20767.3,20783.3,20783.3,20767.3,20783.3,click,había
15411628,10,lo que,13405.5,13394.4,13405.5,13405.5,13394.4,13405.5,click,lo que
15411628,11,pretendido,32942.6,32927.2,32942.6,32942.6,32927.2,32942.6,click,tratado
15411628,12,restringido,11815.7,11811.9,11815.7,11815.7,11811.9,11815.7,click,restringido
15411628,13,enseñarán,12570,12559,12570,12570,12559,12570,click,enseñarán
15411628,14,para,11837.6,11825.7,11837.6,11837.6,11825.7,11837.6,click,sobre
15411628,15,para,24680.9,24670.6,24680.9,24680.9,24670.6,24680.9,click,así
15411628,16,sea,6465.7,6455.1,6465.7,6465.7,6455.1,6465.7,click,sea
15411628,17,casos,8436.9,8424,8436.9,8436.9,8424,8436.9,click,niveles
15411628,18,de,10581.6,10575.2,10581.6,10581.6,10575.2,10581.6,click,a
15411628,19,entero,18432,18415.2,18432,18432,18415.2,18432,click,pleno
15411628,20,siguiente,28711.1,28707,28711.1,28711.1,28707,28711.1,click,próxima
15411628,,END,,,739164,,,,,
15421703,,BEGIN,,,,,,,,
15421703,1,,7777.074,7766.374,7777.074,7777.074,7766.374,7777.074,,
15421703,1,,3000.1,3000.1,3000.1,3000.1,3000.1,3000.1,rawr,desconsolado
15421703,1,fatigado,2685.3,2683.1,2685.3,2685.3,2683.1,2685.3,click,desconsolado
15421703,2,,2999.8,2999.8,2999.8,2999.8,2999.8,2999.8,rawr,falta
15421703,2,falta,4640,4634,4640,4640,4634,4640,click,falta
15421703,3,,2999.5,2999.5,2999.5,2999.5,2999.5,2999.5,rawr,enfermo
15421703,3,ocupado,4539.4,4533.2,4539.4,4539.4,4533.2,4539.4,click,enfermo
15421703,4,,2999.8,2999.8,2999.8,2999.8,2999.8,2999.8,rawr,caliente
15421703,4,dulce,3660.3,3650.2,3660.3,3660.3,3650.2,3660.3,click,caliente
15421703,5,,3000.1,3000.1,3000.1,3000.1,3000.1,3000.1,rawr,ver
15421703,5,ver,3603.6,3599.7,3603.6,3603.6,3599.7,3603.6,click,ver
15421703,6,,3000,3000,3000,3000,3000,3000,rawr,salir de casa
15421703,6,salir de casa,6427.8,6416.5,6427.8,6427.8,6416.5,6427.8,click,salir de casa
15421703,7,,3000.1,3000.1,3000.1,3000.1,3000.1,3000.1,rawr,estrellas
15421703,7,estrellas,5475.5,5466.4,5475.5,5475.5,5466.4,5475.5,click,estrellas
15421703,8,,3000.1,3000.1,3000.1,3000.1,3000.1,3000.1,rawr,¿Qué tal?
15421703,8,¿Qué tal?,6997.7,6983,6997.7,6997.7,6983,6997.7,click,¿Qué tal?
15421703,9,,3000,3000,3000,3000,3000,3000,rawr,ladrar
15421703,9,ladrar,8088.3,8083.2,8088.3,8088.3,8083.2,8088.3,click,ladrar
15421703,10,,3000,3000,3000,3000,3000,3000,rawr,despertador
15421703,10,estante,6426.8,6416.5,6426.8,6426.8,6416.5,6426.8,click,despertador
15421703,11,,2999.9,2999.9,2999.9,2999.9,2999.9,2999.9,rawr,aceite
15421703,11,comer,7089.1,7083.2,7089.1,7089.1,7083.2,7089.1,click,aceite
15421703,12,,3000,3000,3000,3000,3000,3000,rawr,tomamos asiento
15421703,12,comenzamos a fumar,9892.1,9883.3,9892.1,9892.1,9883.3,9892.1,click,tomamos asiento
15421703,13,,2999.8,2999.8,2999.8,2999.8,2999.8,2999.8,rawr,cortarte
15421703,13,cortarte,8328.1,8316.8,8328.1,8328.1,8316.8,8328.1,click,cortarte
15421703,14,,2999.7,2999.7,2999.7,2999.7,2999.7,2999.7,rawr,patinar
15421703,14,almorzar,6251.7,6249.9,6251.7,6251.7,6249.9,6251.7,click,patinar
15421703,15,,3000.1,3000.1,3000.1,3000.1,3000.1,3000.1,rawr,fuego
15421703,15,cuero,6242.9,6233.2,6242.9,6242.9,6233.2,6242.9,click,fuego
15421703,16,,3000,3000,3000,3000,3000,3000,rawr,la noticia que deseaba
15421703,16,timeout,9999.9,9999.9,9999.9,9999.9,9999.9,9999.9,timeout,la noticia que deseaba
15421703,17,,3000,3000,3000,3000,3000,3000,rawr,aliviar
15421703,17,aliviar,2094.7,2083.1,2094.7,2094.7,2083.1,2094.7,click,aliviar
15421703,18,,3000,3000,3000,3000,3000,3000,rawr,perecer
15421703,18,ganar,3580.1,3566.6,3580.1,3580.1,3566.6,3580.1,click,perecer
15421703,19,,3000,3000,3000,3000,3000,3000,rawr,darle una limosna
15421703,19,pegarle,5605.3,5600.1,5605.3,5605.3,5600.1,5605.3,click,darle una limosna
15421703,20,,3000,3000,3000,3000,3000,3000,rawr,monedas
15421703,20,monedas,5627.4,5616.3,5627.4,5627.4,5616.3,5627.4,click,monedas
15421703,21,,3000,3000,3000,3000,3000,3000,rawr,las caricias
15421703,21,las locuras,6888.8,6883.2,6888.8,6888.8,6883.2,6888.8,click,las caricias
15421703,22,,3000,3000,3000,3000,3000,3000,rawr,escondérmela
15421703,22,dejármela,7561.7,7550,7561.7,7561.7,7550,7561.7,click,escondérmela
15421703,23,,2999.8,2999.8,2999.8,2999.8,2999.8,2999.8,rawr,Dios sabe dónde
15421703,23,lleno de alboroto,5105.3,5100,5105.3,5105.3,5100,5105.3,click,Dios sabe dónde
15421703,24,,3000,3000,3000,3000,3000,3000,rawr,tuviste la culpa
15421703,24,sabes la gravedad,8984.2,8983.2,8984.2,8984.2,8983.2,8984.2,click,tuviste la culpa
15421703,25,,2999.9,2999.9,2999.9,2999.9,2999.9,2999.9,rawr,la cría de reses
15421703,25,el fomento de motines,5009.7,4999.9,5009.7,5009.7,4999.9,5009.7,click,la cría de reses
15421703,26,,3000.1,3000.1,3000.1,3000.1,3000.1,3000.1,rawr,del fallecimiento
15421703,26,de la buena suerte,3512.1,3500.3,3512.1,3512.1,3500.3,3512.1,click,del fallecimiento
15421703,27,,2999.4,2999.4,2999.4,2999.4,2999.4,2999.4,rawr,llevarlo a cabo
15421703,27,llevarlo a cabo,1487.6,1483.4,1487.6,1487.6,1483.4,1487.6,click,llevarlo a cabo
15421703,28,,3000,3000,3000,3000,3000,3000,rawr,los naufragios
15421703,28,los peces,6149.2,6133.3,6149.2,6149.2,6133.3,6149.2,click,los naufragios
15421703,29,,2999.9,2999.9,2999.9,2999.9,2999.9,2999.9,rawr,aquel barrio
15421703,29,esa estación,4981.2,4966.4,4981.2,4981.2,4966.4,4981.2,click,aquel barrio
15421703,30,,3000.1,3000.1,3000.1,3000.1,3000.1,3000.1,rawr,repartirlo
15421703,30,hojearlo,6532.9,6516.5,6532.9,6532.9,6516.5,6532.9,click,repartirlo
15421703,1,,56632.5,56615.9,56632.5,56632.5,56615.9,56632.5,,
15421703,1,,28816,28799.9,28816,28816,28799.9,28816,,
15421703,1,completado,8970.4,8966.1,8970.4,8970.4,8966.1,8970.4,click,cumplido
15421703,2,iniciaba,11468.7,11466.7,11468.7,11468.7,11466.7,11468.7,click,iniciara
15421703,3,encargar,9273.3,9266.6,9273.3,9273.3,9266.6,9273.3,click,encargar
15421703,4,sirviera,9558.9,9549.8,9558.9,9558.9,9549.8,9558.9,click,sirviera
15421703,5,enfrentarse,11107.7,11099.7,11107.7,11107.7,11099.7,11107.7,click,superar
15421703,6,por,14626.5,14616.7,14626.5,14626.5,14616.7,14626.5,click,con
15421703,7,favor,5406.5,5400.4,5406.5,5406.5,5400.4,5406.5,click,poder
15421703,8,en,678.3,666.1,678.3,678.3,666.1,678.3,click,a
15421703,9,habría,709.1000001,699.7,709.1000001,709.1000001,699.7,709.1000001,click,había
15421703,10,lo que,1513,1500.4,1513,1513,1500.4,1513,click,lo que
15421703,11,pretendido,1471.5,1466.6,1471.5,1471.5,1466.6,1471.5,click,tratado
15421703,12,disminuido,2656.1,2649.8,2656.1,2656.1,2649.8,2656.1,click,restringido
15421703,13,dirán,4176.1,4166.9,4176.1,4176.1,4166.9,4176.1,click,enseñarán
15421703,14,en,14795.4,14782.8,14795.4,14795.4,14782.8,14795.4,click,sobre
15421703,15,así,6818.8,6816.6,6818.8,6818.8,6816.6,6818.8,click,así
15421703,16,es,8596,8583.3,8596,8596,8583.3,8596,click,sea
15421703,17,casos,1096.3,1083.2,1096.3,1096.3,1083.2,1096.3,click,niveles
15421703,18,de,623.4,616.6,623.4,623.4,616.6,623.4,click,a
15421703,19,entero,724.1000002,716.9,724.1000002,724.1000002,716.9,724.1000002,click,pleno
15421703,20,próxima,12763.8,12749.7,12763.8,12763.8,12749.7,12763.8,click,próxima
15421703,,END,,,483229,,,,,
15423803,,BEGIN,,,,,,,,
15423803,1,,9531.6,9516.6,9531.6,9531.6,9516.6,9531.6,,
15423803,1,,3000,3000,3000,3000,3000,3000,rawr,desconsolado
15423803,1,desconsolado,4980.5,4966.7,4980.5,4980.5,4966.7,4980.5,click,desconsolado
15423803,2,,3000,3000,3000,3000,3000,3000,rawr,falta
15423803,2,falta,2130.8,2116.6,2130.8,2130.8,2116.6,2130.8,click,falta
15423803,3,,3000,3000,3000,3000,3000,3000,rawr,enfermo
15423803,3,enfermo,1779.7,1766.7,1779.7,1779.7,1766.7,1779.7,click,enfermo
15423803,4,,3000,3000,3000,3000,3000,3000,rawr,caliente
15423803,4,caliente,1730.6,1716.6,1730.6,1730.6,1716.6,1730.6,click,caliente
15423803,5,,3000,3000,3000,3000,3000,3000,rawr,ver
15423803,5,oír,6114.1,6100,6114.1,6114.1,6100,6114.1,click,ver
15423803,6,,2999.9,2999.9,2999.9,2999.9,2999.9,2999.9,rawr,salir de casa
15423803,6,respirar con pena,6214,6200.1,6214,6214,6200.1,6214,click,salir de casa
15423803,7,,2999.9,2999.9,2999.9,2999.9,2999.9,2999.9,rawr,estrellas
15423803,7,estrellas,4881.1,4866.6,4881.1,4881.1,4866.6,4881.1,click,estrellas
15423803,8,,3000,3000,3000,3000,3000,3000,rawr,¿Qué tal?
15423803,8,¿Qué tal?,6563.1,6550,6563.1,6563.1,6550,6563.1,click,¿Qué tal?
15423803,9,,3000,3000,3000,3000,3000,3000,rawr,ladrar
15423803,9,ladrar,3164.6,3149.9,3164.6,3164.6,3149.9,3164.6,click,ladrar
15423803,10,,3000.1,3000.1,3000.1,3000.1,3000.1,3000.1,rawr,despertador
15423803,10,despertador,4513.3,4500,4513.3,4513.3,4500,4513.3,click,despertador
15423803,11,,2999.9,2999.9,2999.9,2999.9,2999.9,2999.9,rawr,aceite
15423803,11,aceite,3280.3,3266.7,3280.3,3280.3,3266.7,3280.3,click,aceite
15423803,12,,3000,3000,3000,3000,3000,3000,rawr,tomamos asiento
15423803,12,tomamos asiento,5064,5050,5064,5064,5050,5064,click,tomamos asiento
15423803,13,,3000,3000,3000,3000,3000,3000,rawr,cortarte
15423803,13,cortarte,3814.6,3800,3814.6,3814.6,3800,3814.6,click,cortarte
15423803,14,,2999.9,2999.9,2999.9,2999.9,2999.9,2999.9,rawr,patinar
15423803,14,charlar,8979.8,8966.7,8979.8,8979.8,8966.7,8979.8,click,patinar
15423803,15,,2999.9,2999.9,2999.9,2999.9,2999.9,2999.9,rawr,fuego
15423803,15,fuego,6230.9,6216.6,6230.9,6230.9,6216.6,6230.9,click,fuego
15423803,16,,3000.1,3000.1,3000.1,3000.1,3000.1,3000.1,rawr,la noticia que deseaba
15423803,16,los ejemplos,7247.9,7233.2,7247.9,7247.9,7233.2,7247.9,click,la noticia que deseaba
15423803,17,,3000.1,3000.1,3000.1,3000.1,3000.1,3000.1,rawr,aliviar
15423803,17,aliviar,5497,5483.2,5497,5497,5483.2,5497,click,aliviar
15423803,18,,3000,3000,3000,3000,3000,3000,rawr,perecer
15423803,18,perecer,6014.1,6000,6014.1,6014.1,6000,6014.1,click,perecer
15423803,19,,2999.9,2999.9,2999.9,2999.9,2999.9,2999.9,rawr,darle una limosna
15423803,19,echar una mirada,7981,7966.7,7981,7981,7966.7,7981,click,darle una limosna
15423803,20,,3000,3000,3000,3000,3000,3000,rawr,monedas
15423803,20,monedas,4847.6,4833.3,4847.6,4847.6,4833.3,4847.6,click,monedas
15423803,21,,3000,3000,3000,3000,3000,3000,rawr,las caricias
15423803,21,las caricias,7448,7433.3,7448,7448,7433.3,7448,click,las caricias
15423803,22,,3000,3000,3000,3000,3000,3000,rawr,escondérmela
15423803,22,escondérmela,6780.8,6766.6,6780.8,6780.8,6766.6,6780.8,click,escondérmela
15423803,23,,3000,3000,3000,3000,3000,3000,rawr,Dios sabe dónde
15423803,23,lleno de alboroto,6748.1,6733.3,6748.1,6748.1,6733.3,6748.1,click,Dios sabe dónde
15423803,24,,3000,3000,3000,3000,3000,3000,rawr,tuviste la culpa
15423803,24,eres testigo,5880.7,5866.6,5880.7,5880.7,5866.6,5880.7,click,tuviste la culpa
15423803,25,,3000,3000,3000,3000,3000,3000,rawr,la cría de reses
15423803,25,la cría de reses,7631.7,7616.6,7631.7,7631.7,7616.6,7631.7,click,la cría de reses
15423803,26,,3000.1,3000.1,3000.1,3000.1,3000.1,3000.1,rawr,del fallecimiento
15423803,26,del fallecimiento,5497.3,5483.3,5497.3,5497.3,5483.3,5497.3,click,del fallecimiento
15423803,27,,2999.9,2999.9,2999.9,2999.9,2999.9,2999.9,rawr,llevarlo a cabo
15423803,27,timeout,10000,10000,10000,10000,10000,10000,timeout,llevarlo a cabo
15423803,28,,3000,3000,3000,3000,3000,3000,rawr,los naufragios
15423803,28,los faros,2298.1,2283.3,2298.1,2298.1,2283.3,2298.1,click,los naufragios
15423803,29,,3000,3000,3000,3000,3000,3000,rawr,aquel barrio
15423803,29,aquel barrio,5613.2,5600,5613.2,5613.2,5600,5613.2,click,aquel barrio
15423803,30,,2999.9,2999.9,2999.9,2999.9,2999.9,2999.9,rawr,repartirlo
15423803,30,repartirlo,5530.9,5516.7,5530.9,5530.9,5516.7,5530.9,click,repartirlo
15423803,1,,11727.6,11716.6,11727.6,11727.6,11716.6,11727.6,,
15423803,1,,4364.1,4350,4364.1,4364.1,4350,4364.1,,
15423803,1,cumplido,14762.9,14749.9,14762.9,14762.9,14749.9,14762.9,click,cumplido
15423803,2,iniciara,17481.4,17466.6,17481.4,17481.4,17466.6,17481.4,click,iniciara
15423803,3,mandar,13364.2,13350,13364.2,13364.2,13350,13364.2,click,encargar
15456037,,BEGIN,,,,,,,,
15456037,1,,7707,7702,7707,7707,7702,7707,,
15456037,1,,3000,3000,3000,3000,3000,3000,rawr,desconsolado
15456037,1,desconsolado,2704,2700,2704,2704,2700,2704,click,desconsolado
15456037,2,,3000,3000,3000,3000,3000,3000,rawr,falta
15456037,2,regalan,8187,8183,8187,8187,8183,8187,click,falta
15456037,3,,3000,3000,3000,3000,3000,3000,rawr,enfermo
15456037,3,enfermo,6053,6050,6053,6053,6050,6053,click,enfermo
15456037,4,,3000,3000,3000,3000,3000,3000,rawr,caliente
15456037,4,caliente,2754,2750,2754,2754,2750,2754,click,caliente
15456037,5,,3000,3000,3000,3000,3000,3000,rawr,ver
15456037,5,entender,6137,6133,6137,6137,6133,6137,click,ver
15456037,6,,3001,3001,3001,3001,3001,3001,rawr,salir de casa
15456037,6,respirar con pena,3820,3816,3820,3820,3816,3820,click,salir de casa
15456037,7,,3000,3000,3000,3000,3000,3000,rawr,estrellas
15456037,7,estrellas,1704,1700,1704,1704,1700,1704,click,estrellas
15456037,8,,3000,3000,3000,3000,3000,3000,rawr,¿Qué tal?
15456037,8,¿Qué tal?,4936,4934,4936,4936,4934,4936,click,¿Qué tal?
15456037,9,,3000,3000,3000,3000,3000,3000,rawr,ladrar
15456037,9,olor,4252,4250,4252,4252,4250,4252,click,ladrar
15456037,10,,3000,3000,3000,3000,3000,3000,rawr,despertador
15456037,10,calendario,4971,4967,4971,4971,4967,4971,click,despertador
15456037,11,,3000,3000,3000,3000,3000,3000,rawr,aceite
15456037,11,aceite,4553,4550,4553,4553,4550,4553,click,aceite
15456037,12,,3000,3000,3000,3000,3000,3000,rawr,tomamos asiento
15456037,12,tomamos asiento,8171,8165,8171,8171,8165,8171,click,tomamos asiento
15456037,13,,3001,3001,3001,3001,3001,3001,rawr,cortarte
15456037,13,cortarte,1688,1684,1688,1688,1684,1688,click,cortarte
15456037,14,,3000,3000,3000,3000,3000,3000,rawr,patinar
15456037,14,cantar,4637,4633,4637,4637,4633,4637,click,patinar
15456037,15,,3000,3000,3000,3000,3000,3000,rawr,fuego
15456037,15,serpientes,5654,5650,5654,5654,5650,5654,click,fuego
15456037,16,,3000,3000,3000,3000,3000,3000,rawr,la noticia que deseaba
15456037,16,los ejemplos,8522,8517,8522,8522,8517,8522,click,la noticia que deseaba
15456037,17,,3000,3000,3000,3000,3000,3000,rawr,aliviar
15456037,17,embromar,5638,5633,5638,5638,5633,5638,click,aliviar
15456037,18,,3000,3000,3000,3000,3000,3000,rawr,perecer
15456037,18,parecer,5971,5967,5971,5971,5967,5971,click,perecer
15456037,19,,3000,3000,3000,3000,3000,3000,rawr,darle una limosna
15456037,19,timeout,10000,10000,10000,10000,10000,10000,timeout,darle una limosna
15456037,20,,3000,3000,3000,3000,3000,3000,rawr,monedas
15456037,20,monedas,4338,4333,4338,4338,4333,4338,click,monedas
15456037,21,,3001,3001,3001,3001,3001,3001,rawr,las caricias
15456037,21,los golpes,4337,4333,4337,4337,4333,4337,click,las caricias
15456037,22,,3000,3000,3000,3000,3000,3000,rawr,escondérmela
15456037,22,dejármela,4504,4500,4504,4504,4500,4504,click,escondérmela
15456037,23,,3000,3000,3000,3000,3000,3000,rawr,Dios sabe dónde
15456037,23,Dios sabe dónde,7703,7700,7703,7703,7700,7703,click,Dios sabe dónde
15456037,24,,3000,3000,3000,3000,3000,3000,rawr,tuviste la culpa
15456037,24,conociste a las víctimas,6338,6333,6338,6338,6333,6338,click,tuviste la culpa
15456037,25,,3000,3000,3000,3000,3000,3000,rawr,la cría de reses
15456037,25,la cría de reses,6688,6684,6688,6688,6684,6688,click,la cría de reses
15456037,26,,3000,3000,3000,3000,3000,3000,rawr,del fallecimiento
15456037,26,de la buena suerte,3954,3950,3954,3954,3950,3954,click,del fallecimiento
15456037,27,,3000,3000,3000,3000,3000,3000,rawr,llevarlo a cabo
15456037,27,rechazarlo,3553,3550,3553,3553,3550,3553,click,llevarlo a cabo
15456037,28,,3000,3000,3000,3000,3000,3000,rawr,los naufragios
15456037,28,las playas,4071,4067,4071,4071,4067,4071,click,los naufragios
15456037,29,,3000,3000,3000,3000,3000,3000,rawr,aquel barrio
15456037,29,el callejeo,4919,4916,4919,4919,4916,4919,click,aquel barrio
15456037,30,,3000,3000,3000,3000,3000,3000,rawr,repartirlo
15456037,30,ponérselo,6204,6200,6204,6204,6200,6204,click,repartirlo
15456037,1,,17738,17734,17738,17738,17734,17738,,
15456037,1,,120001,120001,120001,120001,120001,120001,,
15456037,1,completado,14856,14850,14856,14856,14850,14856,click,cumplido
15456037,2,inició,14807,14800,14807,14807,14800,14807,click,iniciara
15456037,3,pedir,10890,10884,10890,10890,10884,10890,click,encargar
15456037,4,sirviera,9921,9916,9921,9921,9916,9921,click,sirviera
15456037,5,enfrentarse,14190,14184,14190,14190,14184,14190,click,superar
15456037,6,con,5806,5800,5806,5806,5800,5806,click,con
15456037,7,favor,14140,14133,14140,14140,14133,14140,click,poder
15456037,8,al,8405,8401,8405,8405,8401,8405,click,a
15456037,9,había,10989,10983,10989,10989,10983,10989,click,había
15456037,10,lo que,11673,11667,11673,11673,11667,11673,click,lo que
15456037,11,tratado,11689,11684,11689,11689,11684,11689,click,tratado
15456037,12,restringido,9755,9750,9755,9755,9750,9755,click,restringido
15456037,13,enseñarán,10506,10500,10506,10506,10500,10506,click,enseñarán
15456037,14,sobre,6873,6866,6873,6873,6866,6873,click,sobre
15456037,15,así,16756,16750,16756,16756,16750,16756,click,así
15456037,16,es,13874,13868,13874,13874,13868,13874,click,sea
15456037,17,aspectos,22640,22633,22640,22640,22633,22640,click,niveles
15456037,18,a,15856,15850,15856,15856,15850,15856,click,a
15456037,19,total,6422,6417,6422,6422,6417,6422,click,pleno
15456037,20,próxima,6305,6299,6305,6305,6299,6305,click,próxima
15456037,,END,,,628512,,,,,
15515960,,BEGIN,,,,,,,,
15515960,1,,7466.5,7458.2,7466.5,7466.5,7458.2,7466.5,,
15515960,1,,3000.1,3000.1,3000.1,3000.1,3000.1,3000.1,rawr,desconsolado
15515960,1,fatigado,2408.4,2400.1,2408.4,2408.4,2400.1,2408.4,click,desconsolado
15515960,2,,2999,2999,2999,2999,2999,2999,rawr,falta
15515960,2,regalan,2345.5,2342.3,2345.5,2345.5,2342.3,2345.5,click,falta
15515960,3,,3000.4,3000.4,3000.4,3000.4,3000.4,3000.4,rawr,enfermo
15515960,3,vestido,2200.6,2200,2200.6,2200.6,2200,2200.6,click,enfermo
15515960,4,,2999.9,2999.9,2999.9,2999.9,2999.9,2999.9,rawr,caliente
15515960,4,dulce,2209.3,2207.7,2209.3,2209.3,2207.7,2209.3,click,caliente
15515960,5,,3000.8,3000.8,3000.8,3000.8,3000.8,3000.8,rawr,ver
15515960,5,entender,2708.1,2699.9,2708.1,2708.1,2699.9,2708.1,click,ver
15515960,6,,3000,3000,3000,3000,3000,3000,rawr,salir de casa
15515960,6,salir de casa,3492.4,3491.6,3492.4,3492.4,3491.6,3492.4,click,salir de casa
15515960,7,,3000.1,3000.1,3000.1,3000.1,3000.1,3000.1,rawr,estrellas
15515960,7,camas,2353,2350,2353,2353,2350,2353,click,estrellas
15515960,8,,2999.7,2999.7,2999.7,2999.7,2999.7,2999.7,rawr,¿Qué tal?
15515960,8,¿Qué tal?,2509.7,2508.6,2509.7,2509.7,2508.6,2509.7,click,¿Qué tal?
15515960,9,,2999.1,2999.1,2999.1,2999.1,2999.1,2999.1,rawr,ladrar
15515960,9,sueño,2046.5,2042.6,2046.5,2046.5,2042.6,2046.5,click,ladrar
15515960,10,,3000.1,3000.1,3000.1,3000.1,3000.1,3000.1,rawr,despertador
15515960,10,despertador,2326.3,2324.9,2326.3,2326.3,2324.9,2326.3,click,despertador
15515960,11,,2999.9,2999.9,2999.9,2999.9,2999.9,2999.9,rawr,aceite
15515960,11,permiso,1782.1,1774.5,1782.1,1782.1,1774.5,1782.1,click,aceite
15515960,12,,3000.7,3000.7,3000.7,3000.7,3000.7,3000.7,rawr,tomamos asiento
15515960,12,comenzamos a fumar,3446.4,3441.7,3446.4,3446.4,3441.7,3446.4,click,tomamos asiento
15515960,13,,2999.9,2999.9,2999.9,2999.9,2999.9,2999.9,rawr,cortarte
15515960,13,cortarte,2006.5,2000.1,2006.5,2006.5,2000.1,2006.5,click,cortarte
15515960,14,,2999,2999,2999,2999,2999,2999,rawr,patinar
15515960,14,almorzar,2583.9,2576,2583.9,2583.9,2576,2583.9,click,patinar
15515960,15,,2999.9,2999.9,2999.9,2999.9,2999.9,2999.9,rawr,fuego
15515960,15,fuego,2437.5,2433.2,2437.5,2437.5,2433.2,2437.5,click,fuego
15515960,16,,3000.1,3000.1,3000.1,3000.1,3000.1,3000.1,rawr,la noticia que deseaba
15515960,16,el periódico perdido,2258,2250,2258,2258,2250,2258,click,la noticia que deseaba
15515960,17,,3000.1,3000.1,3000.1,3000.1,3000.1,3000.1,rawr,aliviar
15515960,17,aliviar,2430.4,2425,2430.4,2430.4,2425,2430.4,click,aliviar
15515960,18,,3000,3000,3000,3000,3000,3000,rawr,perecer
15515960,18,ganar,2019.1,2016.3,2019.1,2019.1,2016.3,2019.1,click,perecer
15515960,19,,3000.3,3000.3,3000.3,3000.3,3000.3,3000.3,rawr,darle una limosna
15515960,19,echar una mirada,2905.9,2900.1,2905.9,2905.9,2900.1,2905.9,click,darle una limosna
15515960,20,,3000,3000,3000,3000,3000,3000,rawr,monedas
15515960,20,pedazos,2371.2,2366.7,2371.2,2371.2,2366.7,2371.2,click,monedas
15515960,21,,2999.9,2999.9,2999.9,2999.9,2999.9,2999.9,rawr,las caricias
15515960,21,los engaños,3674.8,3666.7,3674.8,3674.8,3666.7,3674.8,click,las caricias
15515960,22,,3000.1,3000.1,3000.1,3000.1,3000.1,3000.1,rawr,escondérmela
15515960,22,acabármela,3193.7,3191.6,3193.7,3193.7,3191.6,3193.7,click,escondérmela
15515960,23,,2999.6,2999.6,2999.6,2999.6,2999.6,2999.6,rawr,Dios sabe dónde
15515960,23,lleno de alboroto,3035.9,3033.3,3035.9,3035.9,3033.3,3035.9,click,Dios sabe dónde
15515960,24,,3000.2,3000.2,3000.2,3000.2,3000.2,3000.2,rawr,tuviste la culpa
15515960,24,sabes la gravedad,3542.3,3533.6,3542.3,3542.3,3533.6,3542.3,click,tuviste la culpa
15515960,25,,3000.1,3000.1,3000.1,3000.1,3000.1,3000.1,rawr,la cría de reses
15515960,25,la construcción de trampas,2906.2,2899.9,2906.2,2906.2,2899.9,2906.2,click,la cría de reses
15515960,26,,2999.3,2999.3,2999.3,2999.3,2999.3,2999.3,rawr,del fallecimiento
15515960,26,del fallecimiento,3981.1,3975.7,3981.1,3981.1,3975.7,3981.1,click,del fallecimiento
15515960,27,,3000.1,3000.1,3000.1,3000.1,3000.1,3000.1,rawr,llevarlo a cabo
15515960,27,rechazarlo,2264.6,2258.2,2264.6,2264.6,2258.2,2264.6,click,llevarlo a cabo
15515960,28,,3000,3000,3000,3000,3000,3000,rawr,los naufragios
15515960,28,las playas,2346.7,2340.9,2346.7,2346.7,2340.9,2346.7,click,los naufragios
15515960,29,,3000.9,3000.9,3000.9,3000.9,3000.9,3000.9,rawr,aquel barrio
15515960,29,el puente,3139.7,3133.4,3139.7,3139.7,3133.4,3139.7,click,aquel barrio
15515960,30,,2999.9,2999.9,2999.9,2999.9,2999.9,2999.9,rawr,repartirlo
15515960,30,conservarlo,3264.7,3258.4,3264.7,3264.7,3258.4,3264.7,click,repartirlo
15515960,1,,17081.5,17074.9,17081.5,17081.5,17074.9,17081.5,,
15515960,1,,114419.8,114417,114419.8,114419.8,114417,114419.8,,
15515960,1,completado,9178,9175,9178,9178,9175,9178,click,cumplido
15515960,2,iniciara,8206.7,8200.1,8206.7,8206.7,8200.1,8206.7,click,iniciara
15515960,3,pedir,7770.2,7766.6,7770.2,7770.2,7766.6,7770.2,click,encargar
15515960,4,sirviera,6288.6,6283.5,6288.6,6288.6,6283.5,6288.6,click,sirviera
15515960,5,enfrentarse,10783,10782.4,10783,10783,10782.4,10783,click,superar
15515960,6,en,9500.8,9492.5,9500.8,9500.8,9492.5,9500.8,click,con
15515960,7,voluntad,11040.5,11032.8,11040.5,11040.5,11032.8,11040.5,click,poder
15515960,8,al,6852.1,6850.6,6852.1,6852.1,6850.6,6852.1,click,a
15515960,9,había,5988.7,5983.7,5988.7,5988.7,5983.7,5988.7,click,había
15515960,10,lo que,6386.1,6383.1,6386.1,6386.1,6383.1,6386.1,click,lo que
15515960,11,intentado,5451.5,5449.9,5451.5,5451.5,5449.9,5451.5,click,tratado
15515960,12,disminuido,10691.9,10683.8,10691.9,10691.9,10683.8,10691.9,click,restringido
15515960,13,enseñarán,11005.6,11000.1,11005.6,11005.6,11000.1,11005.6,click,enseñarán
15515960,14,para,6232.5,6225.2,6232.5,6232.5,6225.2,6232.5,click,sobre
15515960,15,así,12584.1,12575.7,12584.1,12584.1,12575.7,12584.1,click,así
15515960,16,es,4781.3,4774.7,4781.3,4781.3,4774.7,4781.3,click,sea
15515960,17,aspectos,10153.6,10149.3,10153.6,10153.6,10149.3,10153.6,click,niveles
15515960,18,a,5704.8,5699.9,5704.8,5704.8,5699.9,5704.8,click,a
15515960,19,pleno,13415,13408.1,13415,13415,13408.1,13415,click,pleno
15515960,20,próxima,9419.8,9416.2,9419.8,9419.8,9416.2,9419.8,click,próxima
15515960,,END,,,480303,,,,,
15530530,,BEGIN,,,,,,,,
15530530,1,,10335,10331,10335,10335,10331,10335,,
15530530,1,,2999,2999,2999,2999,2999,2999,rawr,desconsolado
15530530,1,fatigado,2588,2583,2588,2588,2583,2588,click,desconsolado
15530530,2,,3001,3001,3001,3001,3001,3001,rawr,falta
15530530,2,presta,2104,2100,2104,2104,2100,2104,click,falta
15530530,3,,3000,3000,3000,3000,3000,3000,rawr,enfermo
15530530,3,enfermo,1954,1950,1954,1954,1950,1954,click,enfermo
15530530,4,,2999,2999,2999,2999,2999,2999,rawr,caliente
15530530,4,caliente,2120,2118,2120,2120,2118,2120,click,caliente
15530530,5,,3000,3000,3000,3000,3000,3000,rawr,ver
15530530,5,ver,1320,1317,1320,1320,1317,1320,click,ver
15530530,6,,2999,2999,2999,2999,2999,2999,rawr,salir de casa
15530530,6,salir de casa,1789,1783,1789,1789,1783,1789,click,salir de casa
15530530,7,,3001,3001,3001,3001,3001,3001,rawr,estrellas
15530530,7,camas,703,700,703,703,700,703,click,estrellas
15530530,8,,3000,3000,3000,3000,3000,3000,rawr,¿Qué tal?
15530530,8,¿Qué tal?,2537,2533,2537,2537,2533,2537,click,¿Qué tal?
15530530,9,,2999,2999,2999,2999,2999,2999,rawr,ladrar
15530530,9,sueño,2422,2418,2422,2422,2418,2422,click,ladrar
15530530,10,,3000,3000,3000,3000,3000,3000,rawr,despertador
15530530,10,estante,1704,1700,1704,1704,1700,1704,click,despertador
15530530,11,,3000,3000,3000,3000,3000,3000,rawr,aceite
15530530,11,permiso,971,966,971,971,966,971,click,aceite
15530530,12,,3000,3000,3000,3000,3000,3000,rawr,tomamos asiento
15530530,12,tomamos asiento,1521,1517,1521,1521,1517,1521,click,tomamos asiento
15530530,13,,3000,3000,3000,3000,3000,3000,rawr,cortarte
15530530,13,comerte,1354,1350,1354,1354,1350,1354,click,cortarte
15530530,14,,3000,3000,3000,3000,3000,3000,rawr,patinar
15530530,14,charlar,638,633,638,638,633,638,click,patinar
15530530,15,,3000,3000,3000,3000,3000,3000,rawr,fuego
15530530,15,zorros,772,767,772,772,767,772,click,fuego
15530530,16,,3000,3000,3000,3000,3000,3000,rawr,la noticia que deseaba
15530530,16,los ejemplos,804,800,804,804,800,804,click,la noticia que deseaba
15530530,17,,2999,2999,2999,2999,2999,2999,rawr,aliviar
15530530,17,embromar,1522,1518,1522,1522,1518,1522,click,aliviar
15530530,18,,3000,3000,3000,3000,3000,3000,rawr,perecer
15530530,18,parecer,588,582,588,588,582,588,click,perecer
15530530,19,,3001,3001,3001,3001,3001,3001,rawr,darle una limosna
15530530,19,pegarle,587,583,587,587,583,587,click,darle una limosna
15530530,20,,3000,3000,3000,3000,3000,3000,rawr,monedas
15530530,20,escopetas,705,700,705,705,700,705,click,monedas
15530530,21,,3000,3000,3000,3000,3000,3000,rawr,las caricias
15530530,21,las caricias,1004,1000,1004,1004,1000,1004,click,las caricias
15530530,22,,3001,3001,3001,3001,3001,3001,rawr,escondérmela
15530530,22,deshacérmela,1220,1216,1220,1220,1216,1220,click,escondérmela
15530530,23,,3000,3000,3000,3000,3000,3000,rawr,Dios sabe dónde
15530530,23,en el fuego,1687,1683,1687,1687,1683,1687,click,Dios sabe dónde
15530530,24,,3000,3000,3000,3000,3000,3000,rawr,tuviste la culpa
15530530,24,tuviste la culpa,470,467,470,470,467,470,click,tuviste la culpa
15530530,25,,3000,3000,3000,3000,3000,3000,rawr,la cría de reses
15530530,25,la cría de reses,638,633,638,638,633,638,click,la cría de reses
15530530,26,,3000,3000,3000,3000,3000,3000,rawr,del fallecimiento
15530530,26,del fallecimiento,621,617,621,621,617,621,click,del fallecimiento
15530530,27,,3000,3000,3000,3000,3000,3000,rawr,llevarlo a cabo
15530530,27,desavenirse,1753,1750,1753,1753,1750,1753,click,llevarlo a cabo
15530530,28,,2999,2999,2999,2999,2999,2999,rawr,los naufragios
15530530,28,las playas,822,818,822,822,818,822,click,los naufragios
15530530,29,,3000,3000,3000,3000,3000,3000,rawr,aquel barrio
15530530,29,el callejeo,2370,2366,2370,2370,2366,2370,click,aquel barrio
15530530,30,,3000,3000,3000,3000,3000,3000,rawr,repartirlo
15530530,30,ponérselo,738,734,738,738,734,738,click,repartirlo
15530530,1,,11387,11383,11387,11387,11383,11387,,
15530530,1,,29074,29066,29074,29074,29066,29074,,
15530530,1,completado,19439,19434,19439,19439,19434,19439,click,cumplido
15530530,2,iniciaba,5373,5367,5373,5373,5367,5373,click,iniciara
15530530,3,mandar,6390,6383,6390,6390,6383,6390,click,encargar
15530530,4,haya servido,2123,2117,2123,2123,2117,2123,click,sirviera
15530530,5,enfrentarse,15154,15150,15154,15154,15150,15154,click,superar
15530530,6,por,7654,7650,7654,7654,7650,7654,click,con
15530530,7,poder,7206,7199,7206,7206,7199,7206,click,poder
15530530,8,al,7456,7451,7456,7456,7451,7456,click,a
15530530,9,habría,3938,3933,3938,3938,3933,3938,click,había
15530530,10,que,2854,2850,2854,2854,2850,2854,click,lo que
15530530,11,tratado,2022,2017,2022,2022,2017,2022,click,tratado
15530530,12,disminuido,571,566,571,571,566,571,click,restringido
15530530,13,enseñarán,457,450,457,457,450,457,click,enseñarán
15530530,14,sobre,505,500,505,505,500,505,click,sobre
15530530,15,para,507,500,507,507,500,507,click,así
15530530,16,sea,489,484,489,489,484,489,click,sea
15530530,17,casos,504,500,504,504,500,504,click,niveles
15530530,18,de,487,483,487,487,483,487,click,a
15530530,19,entero,424,417,424,424,417,424,click,pleno
15530530,20,próxima,472,466,472,472,466,472,click,próxima
15530530,,END,,,264579,,,,,
15549102,,BEGIN,,,,,,,,
15549102,1,,4377.1,4366.6,4377.1,4377.1,4366.6,4377.1,,
15549102,1,,3000,3000,3000,3000,3000,3000,rawr,desconsolado
15549102,1,alegre,4993,4983.3,4993,4993,4983.3,4993,click,desconsolado
15549102,2,,3000,3000,3000,3000,3000,3000,rawr,falta
15549102,2,regalan,3526.3,3516.6,3526.3,3526.3,3516.6,3526.3,click,falta
15549102,3,,3000,3000,3000,3000,3000,3000,rawr,enfermo
15549102,3,vestido,4658.9,4649.9,4658.9,4658.9,4649.9,4658.9,click,enfermo
15549102,4,,3000,3000,3000,3000,3000,3000,rawr,caliente
15549102,4,caliente,1692.5,1683.4,1692.5,1692.5,1683.4,1692.5,click,caliente
15549102,5,,2999.9,2999.9,2999.9,2999.9,2999.9,2999.9,rawr,ver
15549102,5,entender,4393.4,4382.7,4393.4,4393.4,4382.7,4393.4,click,ver
15549102,6,,3000.6,3000.6,3000.6,3000.6,3000.6,3000.6,rawr,salir de casa
15549102,6,salir de casa,4192.8,4183.2,4192.8,4192.8,4183.2,4192.8,click,salir de casa
15549102,7,,3000,3000,3000,3000,3000,3000,rawr,estrellas
15549102,7,estrellas,1309.8,1300,1309.8,1309.8,1300,1309.8,click,estrellas
15549102,8,,3000,3000,3000,3000,3000,3000,rawr,¿Qué tal?
15549102,8,¿Qué tal?,2226.1,2216.6,2226.1,2226.1,2216.6,2226.1,click,¿Qué tal?
15549102,9,,3000.1,3000.1,3000.1,3000.1,3000.1,3000.1,rawr,ladrar
15549102,9,olor,3459.8,3449.5,3459.8,3459.8,3449.5,3459.8,click,ladrar
15549102,10,,3000.4,3000.4,3000.4,3000.4,3000.4,3000.4,rawr,despertador
15549102,10,bolsillo,1659.5,1649.1,1659.5,1659.5,1649.1,1659.5,click,despertador
15549102,11,,3000.8,3000.8,3000.8,3000.8,3000.8,3000.8,rawr,aceite
15549102,11,permiso,1242.9,1233.4,1242.9,1242.9,1233.4,1242.9,click,aceite
15549102,12,,2999.9,2999.9,2999.9,2999.9,2999.9,2999.9,rawr,tomamos asiento
15549102,12,comenzamos a fumar,2292.3,2283.3,2292.3,2292.3,2283.3,2292.3,click,tomamos asiento
15549102,13,,3000,3000,3000,3000,3000,3000,rawr,cortarte
15549102,13,torcerte,4392.9,4383.3,4392.9,4392.9,4383.3,4392.9,click,cortarte
15549102,14,,3000,3000,3000,3000,3000,3000,rawr,patinar
15549102,14,almorzar,1676.7,1666.6,1676.7,1676.7,1666.6,1676.7,click,patinar
15549102,15,,2999,2999,2999,2999,2999,2999,rawr,fuego
15549102,15,cuero,4560.5,4551,4560.5,4560.5,4551,4560.5,click,fuego
15549102,16,,2998.9,2998.9,2998.9,2998.9,2998.9,2998.9,rawr,la noticia que deseaba
15549102,16,los diez centavos,394.2,384.3,394.2,394.2,384.3,394.2,click,la noticia que deseaba
15549102,17,,3000,3000,3000,3000,3000,3000,rawr,aliviar
15549102,17,estorbar,1526.3,1516.6,1526.3,1526.3,1516.6,1526.3,click,aliviar
15549102,18,,3000.1,3000.1,3000.1,3000.1,3000.1,3000.1,rawr,perecer
15549102,18,ganar,1409.4,1399.9,1409.4,1409.4,1399.9,1409.4,click,perecer
15549102,19,,3000,3000,3000,3000,3000,3000,rawr,darle una limosna
15549102,19,pegarle,959.8,949.9,959.8,959.8,949.9,959.8,click,darle una limosna
15549102,20,,3000.1,3000.1,3000.1,3000.1,3000.1,3000.1,rawr,monedas
15549102,20,paz,976.2,966.7,976.2,976.2,966.7,976.2,click,monedas
15549102,21,,2998.9,2998.9,2998.9,2998.9,2998.9,2998.9,rawr,las caricias
15549102,21,las locuras,1160.7,1151,1160.7,1160.7,1151,1160.7,click,las caricias
15549102,22,,2999.9,2999.9,2999.9,2999.9,2999.9,2999.9,rawr,escondérmela
15549102,22,deshacérmela,2660,2650,2660,2660,2650,2660,click,escondérmela
15549102,23,,3000,3000,3000,3000,3000,3000,rawr,Dios sabe dónde
15549102,23,en el bosillo,1125.6,1116.7,1125.6,1125.6,1116.7,1125.6,click,Dios sabe dónde
15549102,24,,2999.9,2999.9,2999.9,2999.9,2999.9,2999.9,rawr,tuviste la culpa
15549102,24,tuviste la culpa,1192.9,1183.3,1192.9,1192.9,1183.3,1192.9,click,tuviste la culpa
15549102,25,,3000.1,3000.1,3000.1,3000.1,3000.1,3000.1,rawr,la cría de reses
15549102,25,el costo de vida,1193.7,1183.3,1193.7,1193.7,1183.3,1193.7,click,la cría de reses
15549102,26,,2999.9,2999.9,2999.9,2999.9,2999.9,2999.9,rawr,del fallecimiento
15549102,26,de la alabanza,2426.4,2416.7,2426.4,2426.4,2416.7,2426.4,click,del fallecimiento
15549102,27,,2999,2999,2999,2999,2999,2999,rawr,llevarlo a cabo
15549102,27,rechazarlo,2394.1,2384.2,2394.1,2394.1,2384.2,2394.1,click,llevarlo a cabo
15549102,28,,2999.1,2999.1,2999.1,2999.1,2999.1,2999.1,rawr,los naufragios
15549102,28,los peces,809.5,800.9,809.5,809.5,800.9,809.5,click,los naufragios
15549102,29,,3000,3000,3000,3000,3000,3000,rawr,aquel barrio
15549102,29,esa estación,859.6,849.9,859.6,859.6,849.9,859.6,click,aquel barrio
15549102,30,,2999.1,2999.1,2999.1,2999.1,2999.1,2999.1,rawr,repartirlo
15549102,30,conservarlo,2477.4,2467.6,2477.4,2477.4,2467.6,2477.4,click,repartirlo
15549102,1,,30176.5,30165.6,30176.5,30176.5,30165.6,30176.5,,
15549102,1,,88976.8,88966.7,88976.8,88976.8,88966.7,88976.8,,
15549102,1,terminado,8092.6,8083.3,8092.6,8092.6,8083.3,8092.6,click,cumplido
15549102,2,iniciara,8226.2,8216.5,8226.2,8226.2,8216.5,8226.2,click,iniciara
15549102,3,mandar,7009.5,7000,7009.5,7009.5,7000,7009.5,click,encargar
15549102,4,hubiera servido,8543.1,8533.2,8543.1,8543.1,8533.2,8543.1,click,sirviera
15549102,5,enfrentarse,5726.2,5716.6,5726.2,5726.2,5716.6,5726.2,click,superar
15549102,6,por,3909.7,3899.9,3909.7,3909.7,3899.9,3909.7,click,con
15549102,7,voluntad,10893.2,10883.3,10893.2,10893.2,10883.3,10893.2,click,poder
15549102,8,en,11593.1,11583.2,11593.1,11593.1,11583.2,11593.1,click,a
15549102,9,había,2059.7,2050,2059.7,2059.7,2050,2059.7,click,había
15549102,10,que,6359.3,6350,6359.3,6359.3,6350,6359.3,click,lo que
15549102,11,intentado,4776.4,4766.6,4776.4,4776.4,4766.6,4776.4,click,tratado
15549102,12,disminuido,3226.1,3215.9,3226.1,3226.1,3215.9,3226.1,click,restringido
15549102,13,enseñarán,4343.7,4334,4343.7,4343.7,4334,4343.7,click,enseñarán
15549102,14,sobre,4043.2,4033.3,4043.2,4043.2,4033.3,4043.2,click,sobre
15549102,15,para,4409.4,4399.9,4409.4,4409.4,4399.9,4409.4,click,así
15549102,16,es,3659.6,3650,3659.6,3659.6,3650,3659.6,click,sea
15549102,17,aspectos,3776.3,3766.7,3776.3,3776.3,3766.7,3776.3,click,niveles
15549102,18,para,3892.7,3882.7,3892.7,3892.7,3882.7,3892.7,click,a
15549102,19,pleno,4343.5,4333.8,4343.5,4343.5,4333.8,4343.5,click,pleno
15549102,20,próxima,1843.3,1833.4,1843.3,1843.3,1833.4,1843.3,click,próxima
15549102,,END,,,391568,,,,,
15625048,,BEGIN,,,,,,,,
15625048,1,,8382.858,8367.058,8382.858,8382.858,8367.058,8382.858,,
15625048,1,,2999.7,2999.7,2999.7,2999.7,2999.7,2999.7,rawr,desconsolado
15625048,1,desconsolado,5178.3,5166.6,5178.3,5178.3,5166.6,5178.3,click,desconsolado
15625048,2,,3000.1,3000.1,3000.1,3000.1,3000.1,3000.1,rawr,falta
15625048,2,falta,1774.9,1766.6,1774.9,1774.9,1766.6,1774.9,click,falta
15625048,3,,2999.7,2999.7,2999.7,2999.7,2999.7,2999.7,rawr,enfermo
15625048,3,enfermo,3065.8,3033.8,3065.8,3065.8,3033.8,3065.8,click,enfermo
15625048,4,,2999.9,2999.9,2999.9,2999.9,2999.9,2999.9,rawr,caliente
15625048,4,caliente,2536.2,2533.1,2536.2,2536.2,2533.1,2536.2,click,caliente
15625048,5,,3000.1,3000.1,3000.1,3000.1,3000.1,3000.1,rawr,ver
15625048,5,ver,4939.6,4933.2,4939.6,4939.6,4933.2,4939.6,click,ver
15625048,6,,3000.1,3000.1,3000.1,3000.1,3000.1,3000.1,rawr,salir de casa
15625048,6,salir de casa,4909.4,4899.8,4909.4,4909.4,4899.8,4909.4,click,salir de casa
15625048,7,,3000.2,3000.2,3000.2,3000.2,3000.2,3000.2,rawr,estrellas
15625048,7,estrellas,2180.6,2166.6,2180.6,2180.6,2166.6,2180.6,click,estrellas
15625048,8,,3000.1,3000.1,3000.1,3000.1,3000.1,3000.1,rawr,¿Qué tal?
15625048,8,¿Qué tal?,4615.1,4599.7,4615.1,4615.1,4599.7,4615.1,click,¿Qué tal?
15625048,9,,3000.2,3000.2,3000.2,3000.2,3000.2,3000.2,rawr,ladrar
15625048,9,hambre,5992.7,5966.5,5992.7,5992.7,5966.5,5992.7,click,ladrar
15625048,10,,3000.1,3000.1,3000.1,3000.1,3000.1,3000.1,rawr,despertador
15625048,10,calendario,2782.8,2766.5,2782.8,2782.8,2766.5,2782.8,click,despertador
15625048,11,,3000.2,3000.2,3000.2,3000.2,3000.2,3000.2,rawr,aceite
15625048,11,aceite,2473.8,2466.4,2473.8,2473.8,2466.4,2473.8,click,aceite
15625048,12,,3000.1,3000.1,3000.1,3000.1,3000.1,3000.1,rawr,tomamos asiento
15625048,12,tomamos asiento,4205.5,4199.8,4205.5,4205.5,4199.8,4205.5,click,tomamos asiento
15625048,13,,3000.2,3000.2,3000.2,3000.2,3000.2,3000.2,rawr,cortarte
15625048,13,quemarte,2595.6,2566.5,2595.6,2595.6,2566.5,2595.6,click,cortarte
15625048,14,,3000.2,3000.2,3000.2,3000.2,3000.2,3000.2,rawr,patinar
15625048,14,charlar,5959.3,5933.2,5959.3,5959.3,5933.2,5959.3,click,patinar
15625048,15,,3000,3000,3000,3000,3000,3000,rawr,fuego
15625048,15,serpientes,7279.6,7266.5,7279.6,7279.6,7266.5,7279.6,click,fuego
15625048,16,,3000.1,3000.1,3000.1,3000.1,3000.1,3000.1,rawr,la noticia que deseaba
15625048,16,la noticia que deseaba,6317.5,6299.9,6317.5,6317.5,6299.9,6317.5,click,la noticia que deseaba
15625048,17,,3000.1,3000.1,3000.1,3000.1,3000.1,3000.1,rawr,aliviar
15625048,17,estorbar,1931.5,1899.8,1931.5,1931.5,1899.8,1931.5,click,aliviar
15625048,18,,3000.2,3000.2,3000.2,3000.2,3000.2,3000.2,rawr,perecer
15625048,18,acabar,3609.2,3600,3609.2,3609.2,3600,3609.2,click,perecer
15625048,19,,2999.9,2999.9,2999.9,2999.9,2999.9,2999.9,rawr,darle una limosna
15625048,19,darle una limosna,3705.2,3700,3705.2,3705.2,3700,3705.2,click,darle una limosna
15625048,20,,3000,3000,3000,3000,3000,3000,rawr,monedas
15625048,20,pedazos,3193.7,3166.5,3193.7,3193.7,3166.5,3193.7,click,monedas
15625048,21,,3000.1,3000.1,3000.1,3000.1,3000.1,3000.1,rawr,las caricias
15625048,21,las locuras,3391.3,3366.4,3391.3,3391.3,3366.4,3391.3,click,las caricias
15625048,22,,3000.1,3000.1,3000.1,3000.1,3000.1,3000.1,rawr,escondérmela
15625048,22,acabármela,3879.8,3866.6,3879.8,3879.8,3866.6,3879.8,click,escondérmela
15625048,23,,3000.1,3000.1,3000.1,3000.1,3000.1,3000.1,rawr,Dios sabe dónde
15625048,23,Dios sabe dónde,4218.5,4200,4218.5,4218.5,4200,4218.5,click,Dios sabe dónde
15625048,24,,2999.9,2999.9,2999.9,2999.9,2999.9,2999.9,rawr,tuviste la culpa
15625048,24,conociste a las víctimas,5844.2,5833.5,5844.2,5844.2,5833.5,5844.2,click,tuviste la culpa
15625048,25,,2999.9,2999.9,2999.9,2999.9,2999.9,2999.9,rawr,la cría de reses
15625048,25,el costo de vida,2910.7,2899.8,2910.7,2910.7,2899.8,2910.7,click,la cría de reses
15625048,26,,3000.1,3000.1,3000.1,3000.1,3000.1,3000.1,rawr,del fallecimiento
15625048,26,de la buena suerte,2648.6,2633.4,2648.6,2648.6,2633.4,2648.6,click,del fallecimiento
15625048,27,,3000,3000,3000,3000,3000,3000,rawr,llevarlo a cabo
15625048,27,rechazarlo,2077.3,2066.6,2077.3,2077.3,2066.6,2077.3,click,llevarlo a cabo
15625048,28,,2999.9,2999.9,2999.9,2999.9,2999.9,2999.9,rawr,los naufragios
15625048,28,las playas,3553.7,3533.3,3553.7,3553.7,3533.3,3553.7,click,los naufragios
15625048,29,,3000,3000,3000,3000,3000,3000,rawr,aquel barrio
15625048,29,esa estación,3140.2,3133.2,3140.2,3140.2,3133.2,3140.2,click,aquel barrio
15625048,30,,3000.2,3000.2,3000.2,3000.2,3000.2,3000.2,rawr,repartirlo
15625048,30,conservarlo,2454.9,2433.2,2454.9,2454.9,2433.2,2454.9,click,repartirlo
15625048,1,,9779,9766.8,9779,9779,9766.8,9779,,
15625048,1,,60807.2,60799.3,60807.2,60807.2,60799.3,60807.2,,
15625048,1,completado,4885.2,4866.7,4885.2,4885.2,4866.7,4885.2,click,cumplido
15625048,2,inició,10740.4,10733.3,10740.4,10740.4,10733.3,10740.4,click,iniciara
15625048,3,pedir,7089.6,7066.8,7089.6,7089.6,7066.8,7089.6,click,encargar
15625048,4,sirviera,3898,3866.5,3898,3898,3866.5,3898,click,sirviera
15625048,5,acabar,4084.2,4066.7,4084.2,4084.2,4066.7,4084.2,click,superar
15625048,6,con,7630.2,7599.8,7630.2,7630.2,7599.8,7630.2,click,con
15625048,7,favor,7332.2,7300.3,7332.2,7332.2,7300.3,7332.2,click,poder
15625048,8,al,5484,5466.3,5484,5484,5466.3,5484,click,a
15625048,9,había,4752.7,4733.3,4752.7,4752.7,4733.3,4752.7,click,había
15625048,10,lo que,10013.6,10000,10013.6,10013.6,10000,10013.6,click,lo que
15625048,11,tratado,9243.8,9233.2,9243.8,9243.8,9233.2,9243.8,click,tratado
15625048,12,disminuido,24969,24966.3,24969,24969,24966.3,24969,click,restringido
15625048,13,enseñarán,3905.2,3900.3,3905.2,3905.2,3900.3,3905.2,click,enseñarán
15625048,14,sobre,2553.5,2533.3,2553.5,2553.5,2533.3,2553.5,click,sobre
15625048,15,así,4714.8,4699.9,4714.8,4714.8,4699.9,4714.8,click,así
15625048,16,será,2230.7,2200,2230.7,2230.7,2200,2230.7,click,sea
15625048,17,aspectos,7095,7066.8,7095,7095,7066.8,7095,click,niveles
15625048,18,a,3365.9,3333.2,3365.9,3365.9,3333.2,3365.9,click,a
15625048,19,entero,7199,7166.6,7199,7199,7166.6,7199,click,pleno
15625048,20,próxima,3498.6,3466.6,3498.6,3498.6,3466.6,3498.6,click,próxima
15625048,,END,,,416106,,,,,
15729570,,BEGIN,,,,,,,,
15729570,1,,7226.9,7215.9,7226.9,7226.9,7215.9,7226.9,,
15729570,1,,3000,3000,3000,3000,3000,3000,rawr,desconsolado
15729570,1,hambriento,2320.7,2316.5,2320.7,2320.7,2316.5,2320.7,click,desconsolado
15729570,2,,2999.9,2999.9,2999.9,2999.9,2999.9,2999.9,rawr,falta
15729570,2,presta,2261,2249.8,2261,2261,2249.8,2261,click,falta
15729570,3,,2999.8,2999.8,2999.8,2999.8,2999.8,2999.8,rawr,enfermo
15729570,3,enfermo,2150.6,2133.8,2150.6,2150.6,2133.8,2150.6,click,enfermo
15729570,4,,2999.4,2999.4,2999.4,2999.4,2999.4,2999.4,rawr,caliente
15729570,4,amargo,1130.9,1116.7,1130.9,1130.9,1116.7,1130.9,click,caliente
15729570,5,,2999.7,2999.7,2999.7,2999.7,2999.7,2999.7,rawr,ver
15729570,5,oír,2264.7,2250.4,2264.7,2264.7,2250.4,2264.7,click,ver
15729570,6,,2999.9,2999.9,2999.9,2999.9,2999.9,2999.9,rawr,salir de casa
15729570,6,salir de casa,921.9,916.2,921.9,921.9,916.2,921.9,click,salir de casa
15729570,7,,3000,3000,3000,3000,3000,3000,rawr,estrellas
15729570,7,camas,1685.3,1683.1,1685.3,1685.3,1683.1,1685.3,click,estrellas
15729570,8,,2999.8,2999.8,2999.8,2999.8,2999.8,2999.8,rawr,¿Qué tal?
15729570,8,¿Cómo es?,1915.3,1900.5,1915.3,1915.3,1900.5,1915.3,click,¿Qué tal?
15729570,9,,2999.6,2999.6,2999.6,2999.6,2999.6,2999.6,rawr,ladrar
15729570,9,sueño,1766.2,1749.6,1766.2,1766.2,1749.6,1766.2,click,ladrar
15729570,10,,2999.8,2999.8,2999.8,2999.8,2999.8,2999.8,rawr,despertador
15729570,10,estante,1323.9,1317.1,1323.9,1323.9,1317.1,1323.9,click,despertador
15729570,11,,2999.6,2999.6,2999.6,2999.6,2999.6,2999.6,rawr,aceite
15729570,11,bocina,1178.4,1166.5,1178.4,1178.4,1166.5,1178.4,click,aceite
15729570,12,,3000.2,3000.2,3000.2,3000.2,3000.2,3000.2,rawr,tomamos asiento
15729570,12,nos acostamos pronto,950.4,933.5,950.4,950.4,933.5,950.4,click,tomamos asiento
15729570,13,,2999.3,2999.3,2999.3,2999.3,2999.3,2999.3,rawr,cortarte
15729570,13,comerte,1136.1,1133.2,1136.1,1136.1,1133.2,1136.1,click,cortarte
15729570,14,,3000.3,3000.3,3000.3,3000.3,3000.3,3000.3,rawr,patinar
15729570,14,charlar,1372.3,1366.2,1372.3,1372.3,1366.2,1372.3,click,patinar
15729570,15,,3000.4,3000.4,3000.4,3000.4,3000.4,3000.4,rawr,fuego
15729570,15,zorros,966.7,949.9,966.7,966.7,949.9,966.7,click,fuego
15729570,16,,2999.3,2999.3,2999.3,2999.3,2999.3,2999.3,rawr,la noticia que deseaba
15729570,16,el periódico perdido,882.3,866.8,882.3,882.3,866.8,882.3,click,la noticia que deseaba
15729570,17,,2999.8,2999.8,2999.8,2999.8,2999.8,2999.8,rawr,aliviar
15729570,17,aliviar,444.1,433.4,444.1,444.1,433.4,444.1,click,aliviar
15729570,18,,2999.9,2999.9,2999.9,2999.9,2999.9,2999.9,rawr,perecer
15729570,18,ganar,494.7,483.4,494.7,494.7,483.4,494.7,click,perecer
15729570,19,,3000,3000,3000,3000,3000,3000,rawr,darle una limosna
15729570,19,pegarle,711.2,699.8,711.2,711.2,699.8,711.2,click,darle una limosna
15729570,20,,2999.8,2999.8,2999.8,2999.8,2999.8,2999.8,rawr,monedas
15729570,20,escopetas,607.1,599.9,607.1,607.1,599.9,607.1,click,monedas
15729570,21,,3000.1,3000.1,3000.1,3000.1,3000.1,3000.1,rawr,las caricias
15729570,21,los golpes,1062.5,1049.6,1062.5,1062.5,1049.6,1062.5,click,las caricias
15729570,22,,3000.2,3000.2,3000.2,3000.2,3000.2,3000.2,rawr,escondérmela
15729570,22,acabármela,556.9,550.1,556.9,556.9,550.1,556.9,click,escondérmela
15729570,23,,2999.5,2999.5,2999.5,2999.5,2999.5,2999.5,rawr,Dios sabe dónde
15729570,23,Dios sabe dónde,598.5,583.3,598.5,598.5,583.3,598.5,click,Dios sabe dónde
15729570,24,,3000.1,3000.1,3000.1,3000.1,3000.1,3000.1,rawr,tuviste la culpa
15729570,24,eres testigo,4516,4499.5,4516,4516,4499.5,4516,click,tuviste la culpa
15729570,25,,3000,3000,3000,3000,3000,3000,rawr,la cría de reses
15729570,25,el fomento de motines,861.4,849.8,861.4,861.4,849.8,861.4,click,la cría de reses
15729570,26,,3000.6,3000.6,3000.6,3000.6,3000.6,3000.6,rawr,del fallecimiento
15729570,26,del fallecimiento,3156.5,3149.1,3156.5,3156.5,3149.1,3156.5,click,del fallecimiento
15729570,27,,3000.5,3000.5,3000.5,3000.5,3000.5,3000.5,rawr,llevarlo a cabo
15729570,27,rechazarlo,4310,4299.2,4310,4310,4299.2,4310,click,llevarlo a cabo
15729570,28,,3000.2,3000.2,3000.2,3000.2,3000.2,3000.2,rawr,los naufragios
15729570,28,los faros,1123.3,1116.5,1123.3,1123.3,1116.5,1123.3,click,los naufragios
15729570,29,,2999.8,2999.8,2999.8,2999.8,2999.8,2999.8,rawr,aquel barrio
15729570,29,esa estación,1630.5,1616.5,1630.5,1630.5,1616.5,1630.5,click,aquel barrio
15729570,30,,3000.4,3000.4,3000.4,3000.4,3000.4,3000.4,rawr,repartirlo
15729570,30,ponérselo,1796,1782.8,1796,1796,1782.8,1796,click,repartirlo
15729570,1,,9802.5,9799.7,9802.5,9802.5,9799.7,9802.5,,
15729570,1,,6843.6,6833.2,6843.6,6843.6,6833.2,6843.6,,
15729570,1,cumplido,9298.9,9282.7,9298.9,9298.9,9282.7,9298.9,click,cumplido
15729570,2,iniciaba,5013.8,5000.3,5013.8,5013.8,5000.3,5013.8,click,iniciara
15729570,3,mandar,6605.5,6599.3,6605.5,6605.5,6599.3,6605.5,click,encargar
15729570,4,sirviera,2506.1,2499.6,2506.1,2506.1,2499.6,2506.1,click,sirviera
15729570,5,enfrentarse,1194.2,1183.2,1194.2,1194.2,1183.2,1194.2,click,superar
15729570,6,con,7626.3,7616.2,7626.3,7626.3,7616.2,7626.3,click,con
15729570,7,voluntad,6606,6599.8,6606,6606,6599.8,6606,click,poder
15729570,8,a,7062.8,7049.7,7062.8,7062.8,7049.7,7062.8,click,a
15729570,9,había,9733.2,9716.6,9733.2,9733.2,9716.6,9733.2,click,había
15729570,10,lo que,4499.5,4482.8,4499.5,4499.5,4482.8,4499.5,click,lo que
15729570,11,intentado,263.2,250.1,263.2,263.2,250.1,263.2,click,tratado
15729570,12,restringido,4312.6,4299.7,4312.6,4312.6,4299.7,4312.6,click,restringido
15729570,13,enseñarán,3219.3,3216.4,3219.3,3219.3,3216.4,3219.3,click,enseñarán
15729570,14,en,5546.5,5533,5546.5,5546.5,5533,5546.5,click,sobre
15729570,15,para,3724.6,3716.8,3724.6,3724.6,3716.8,3724.6,click,así
15729570,16,sea,4647.1,4633,4647.1,4647.1,4633,4647.1,click,sea
15729570,17,aspectos,5982.8,5966.2,5982.8,5982.8,5966.2,5982.8,click,niveles
15729570,18,a,3580.7,3566.7,3580.7,3580.7,3566.7,3580.7,click,a
15729570,19,total,4249.8,4233.1,4249.8,4249.8,4233.1,4249.8,click,pleno
15729570,20,próxima,3238.4,3233.2,3238.4,3238.4,3233.2,3238.4,click,próxima
15729570,,END,,,258198,,,,,
16540480,,BEGIN,,,,,,,,
16540480,1,,4909.666,4899.666,4909.666,4909.666,4899.666,4909.666,,
16540480,1,,3000.2,3000.2,3000.2,3000.2,3000.2,3000.2,rawr,desconsolado
16540480,1,fatigado,3809.5,3800,3809.5,3809.5,3800,3809.5,click,desconsolado
16540480,2,,3000,3000,3000,3000,3000,3000,rawr,falta
16540480,2,dan,3426.3,3416.7,3426.3,3426.3,3416.7,3426.3,click,falta
16540480,3,,2999.9,2999.9,2999.9,2999.9,2999.9,2999.9,rawr,enfermo
16540480,3,ocupado,2525.4,2516.6,2525.4,2525.4,2516.6,2525.4,click,enfermo
16540480,4,,3000,3000,3000,3000,3000,3000,rawr,caliente
16540480,4,caliente,2476.2,2466.7,2476.2,2476.2,2466.7,2476.2,click,caliente
16540480,5,,3000,3000,3000,3000,3000,3000,rawr,ver
16540480,5,ver,3109,3100,3109,3109,3100,3109,click,ver
16540480,6,,3000,3000,3000,3000,3000,3000,rawr,salir de casa
16540480,6,respirar con pena,3976,3966.5,3976,3976,3966.5,3976,click,salir de casa
16540480,7,,3000.1,3000.1,3000.1,3000.1,3000.1,3000.1,rawr,estrellas
16540480,7,camas,3992,3983.2,3992,3992,3983.2,3992,click,estrellas
16540480,8,,3000.1,3000.1,3000.1,3000.1,3000.1,3000.1,rawr,¿Qué tal?
16540480,8,¿Qué tal?,4042.5,4033.3,4042.5,4042.5,4033.3,4042.5,click,¿Qué tal?
16540480,9,,3000,3000,3000,3000,3000,3000,rawr,ladrar
16540480,9,ladrar,4092.5,4083.3,4092.5,4092.5,4083.3,4092.5,click,ladrar
16540480,10,,2999.9,2999.9,2999.9,2999.9,2999.9,2999.9,rawr,despertador
16540480,10,despertador,4459,4450,4459,4459,4450,4459,click,despertador
16540480,11,,2999.1,2999.1,2999.1,2999.1,2999.1,2999.1,rawr,aceite
16540480,11,permiso,4710.1,4700.8,4710.1,4710.1,4700.8,4710.1,click,aceite
16540480,12,,3000,3000,3000,3000,3000,3000,rawr,tomamos asiento
16540480,12,nos acostamos pronto,5026.6,5016.7,5026.6,5026.6,5016.7,5026.6,click,tomamos asiento
16540480,13,,2999.9,2999.9,2999.9,2999.9,2999.9,2999.9,rawr,cortarte
16540480,13,cortarte,2791.9,2783.3,2791.9,2791.9,2783.3,2791.9,click,cortarte
16540480,14,,3000,3000,3000,3000,3000,3000,rawr,patinar
16540480,14,cantar,3009.3,2999.9,3009.3,3009.3,2999.9,3009.3,click,patinar
16540480,15,,3000,3000,3000,3000,3000,3000,rawr,fuego
16540480,15,zorros,5426.4,5416.9,5426.4,5426.4,5416.9,5426.4,click,fuego
16540480,16,,2999.7,2999.7,2999.7,2999.7,2999.7,2999.7,rawr,la noticia que deseaba
16540480,16,el periódico perdido,4092.7,4083.4,4092.7,4092.7,4083.4,4092.7,click,la noticia que deseaba
16540480,17,,2999.9,2999.9,2999.9,2999.9,2999.9,2999.9,rawr,aliviar
16540480,17,estorbar,3425.6,3416.6,3425.6,3425.6,3416.6,3425.6,click,aliviar
16540480,18,,3000,3000,3000,3000,3000,3000,rawr,perecer
16540480,18,parecer,1825.9,1816.7,1825.9,1825.9,1816.7,1825.9,click,perecer
16540480,19,,3000,3000,3000,3000,3000,3000,rawr,darle una limosna
16540480,19,darle una limosna,4542.4,4533.3,4542.4,4542.4,4533.3,4542.4,click,darle una limosna
16540480,20,,2999.9,2999.9,2999.9,2999.9,2999.9,2999.9,rawr,monedas
16540480,20,pedazos,2575.9,2566,2575.9,2575.9,2566,2575.9,click,monedas
16540480,21,,3000.7,3000.7,3000.7,3000.7,3000.7,3000.7,rawr,las caricias
16540480,21,las locuras,2658.9,2649.9,2658.9,2658.9,2649.9,2658.9,click,las caricias
16540480,22,,3000.1,3000.1,3000.1,3000.1,3000.1,3000.1,rawr,escondérmela
16540480,22,acabármela,4042,4033.2,4042,4042,4033.2,4042,click,escondérmela
16540480,23,,3000,3000,3000,3000,3000,3000,rawr,Dios sabe dónde
16540480,23,en el fuego,2275.8,2265.6,2275.8,2275.8,2265.6,2275.8,click,Dios sabe dónde
16540480,24,,3001,3001,3001,3001,3001,3001,rawr,tuviste la culpa
16540480,24,sabes la gravedad,2708.8,2700,2708.8,2708.8,2700,2708.8,click,tuviste la culpa
16540480,25,,3000,3000,3000,3000,3000,3000,rawr,la cría de reses
16540480,25,la cría de reses,2925.7,2916.6,2925.7,2925.7,2916.6,2925.7,click,la cría de reses
16540480,26,,3000,3000,3000,3000,3000,3000,rawr,del fallecimiento
16540480,26,de la buena suerte,4476.4,4466.7,4476.4,4476.4,4466.7,4476.4,click,del fallecimiento
16540480,27,,2999.9,2999.9,2999.9,2999.9,2999.9,2999.9,rawr,llevarlo a cabo
16540480,27,desavenirse,4259,4250,4259,4259,4250,4259,click,llevarlo a cabo
16540480,28,,3000,3000,3000,3000,3000,3000,rawr,los naufragios
16540480,28,los peces,3426,3416.6,3426,3426,3416.6,3426,click,los naufragios
16540480,29,,3000,3000,3000,3000,3000,3000,rawr,aquel barrio
16540480,29,esa estación,3192.2,3183.3,3192.2,3192.2,3183.3,3192.2,click,aquel barrio
16540480,30,,2999.9,2999.9,2999.9,2999.9,2999.9,2999.9,rawr,repartirlo
16540480,30,ponérselo,2992.7,2983.4,2992.7,2992.7,2983.4,2992.7,click,repartirlo
16540480,1,,11593.1,11583.2,11593.1,11593.1,11583.2,11593.1,,
16540480,1,,52692.5,52683,52692.5,52692.5,52683,52692.5,,
16540480,1,completado,7309.3,7299.9,7309.3,7309.3,7299.9,7309.3,click,cumplido
16540480,2,inició,8442.7,8433.3,8442.7,8442.7,8433.3,8442.7,click,iniciara
16540480,3,mandar,7358.9,7349.9,7358.9,7358.9,7349.9,7358.9,click,encargar
16540480,4,haya servido,6426.5,6415.6,6426.5,6426.5,6415.6,6426.5,click,sirviera
16540480,5,enfrentarse,6993.4,6984.3,6993.4,6993.4,6984.3,6993.4,click,superar
16540480,6,por,6359.8,6349.9,6359.8,6359.8,6349.9,6359.8,click,con
16540480,7,poder,7476,7466.7,7476,7476,7466.7,7476,click,poder
16540480,8,en,7442.5,7432.2,7442.5,7442.5,7432.2,7442.5,click,a
16540480,9,habría,4576.5,4567.6,4576.5,4576.5,4567.6,4576.5,click,había
16540480,10,lo que,5675.5,5665.7,5675.5,5675.5,5665.7,5675.5,click,lo que
16540480,11,intentado,5993.3,5984.2,5993.3,5993.3,5984.2,5993.3,click,tratado
16540480,12,escaso,5792.6,5783.3,5792.6,5792.6,5783.3,5792.6,click,restringido
16540480,13,darán,6542.9,6533.3,6542.9,6542.9,6533.3,6542.9,click,enseñarán
16540480,14,en,5275.8,5266.6,5275.8,5275.8,5266.6,5275.8,click,sobre
16540480,15,ya,7642.1,7633.3,7642.1,7642.1,7633.3,7642.1,click,así
16540480,16,será,4492.7,4482.4,4492.7,4492.7,4482.4,4492.7,click,sea
16540480,17,aspectos,5743.6,5733.3,5743.6,5743.6,5733.3,5743.6,click,niveles
16540480,18,a,4610.3,4600.8,4610.3,4610.3,4600.8,4610.3,click,a
16540480,19,total,4809.3,4800,4809.3,4809.3,4800,4809.3,click,pleno
16540480,20,próxima,3325.6,3316.6,3325.6,3325.6,3316.6,3325.6,click,próxima
16540480,,END,,,387277,,,,,
16540481,,BEGIN,,,,,,,,
16540481,1,,9654.9,9647.1,9654.9,9654.9,9647.1,9654.9,,
16540481,1,,2999.2,2999.2,2999.2,2999.2,2999.2,2999.2,rawr,desconsolado
16540481,1,desconsolado,4922.4,4915.2,4922.4,4922.4,4915.2,4922.4,click,desconsolado
16540481,2,,2999.1,2999.1,2999.1,2999.1,2999.1,2999.1,rawr,falta
16540481,2,falta,4214,4198.8,4214,4214,4198.8,4214,click,falta
16540481,3,,2999.3,2999.3,2999.3,2999.3,2999.3,2999.3,rawr,enfermo
16540481,3,enfermo,1406.5,1399.5,1406.5,1406.5,1399.5,1406.5,click,enfermo
16540481,4,,2999.1,2999.1,2999.1,2999.1,2999.1,2999.1,rawr,caliente
16540481,4,caliente,1786.9,1782.5,1786.9,1786.9,1782.5,1786.9,click,caliente
16540481,5,,2999.3,2999.3,2999.3,2999.3,2999.3,2999.3,rawr,ver
16540481,5,ver,2672.7,2666.3,2672.7,2672.7,2666.3,2672.7,click,ver
16540481,6,,2998.6,2998.6,2998.6,2998.6,2998.6,2998.6,rawr,salir de casa
16540481,6,respirar con pena,5930.5,5915.2,5930.5,5930.5,5915.2,5930.5,click,salir de casa
16540481,7,,2998.7,2998.7,2998.7,2998.7,2998.7,2998.7,rawr,estrellas
16540481,7,estrellas,1314.4,1299.6,1314.4,1314.4,1299.6,1314.4,click,estrellas
16540481,8,,2999.3,2999.3,2999.3,2999.3,2999.3,2999.3,rawr,¿Qué tal?
16540481,8,¿Qué tal?,2534.7,2532.8,2534.7,2534.7,2532.8,2534.7,click,¿Qué tal?
16540481,9,,2999.2,2999.2,2999.2,2999.2,2999.2,2999.2,rawr,ladrar
16540481,9,ladrar,2242,2232.7,2242,2242,2232.7,2242,click,ladrar
16540481,10,,2998.9,2998.9,2998.9,2998.9,2998.9,2998.9,rawr,despertador
16540481,10,despertador,5028.1,5015.6,5028.1,5028.1,5015.6,5028.1,click,despertador
16540481,11,,2999.3,2999.3,2999.3,2999.3,2999.3,2999.3,rawr,aceite
16540481,11,aceite,3032.4,3015.4,3032.4,3032.4,3015.4,3032.4,click,aceite
16540481,12,,2999.1,2999.1,2999.1,2999.1,2999.1,2999.1,rawr,tomamos asiento
16540481,12,tomamos asiento,4754.3,4748.2,4754.3,4754.3,4748.2,4754.3,click,tomamos asiento
16540481,13,,2999.5,2999.5,2999.5,2999.5,2999.5,2999.5,rawr,cortarte
16540481,13,cortarte,1728.2,1716.9,1728.2,1728.2,1716.9,1728.2,click,cortarte
16540481,14,,2998,2998,2998,2998,2998,2998,rawr,patinar
16540481,14,patinar,4956.5,4949,4956.5,4956.5,4949,4956.5,click,patinar
16540481,15,,2999.3,2999.3,2999.3,2999.3,2999.3,2999.3,rawr,fuego
16540481,15,fuego,8947.3,8930.6,8947.3,8947.3,8930.6,8947.3,click,fuego
16540481,16,,2999.1,2999.1,2999.1,2999.1,2999.1,2999.1,rawr,la noticia que deseaba
16540481,16,la noticia que deseaba,6070.8,6064.8,6070.8,6070.8,6064.8,6070.8,click,la noticia que deseaba
16540481,17,,2999.1,2999.1,2999.1,2999.1,2999.1,2999.1,rawr,aliviar
16540481,17,aliviar,4180,4165.5,4180,4180,4165.5,4180,click,aliviar
16540481,18,,3000.3,3000.3,3000.3,3000.3,3000.3,3000.3,rawr,perecer
16540481,18,perecer,4934.4,4931.6,4934.4,4934.4,4931.6,4934.4,click,perecer
16540481,19,,2998.3,2998.3,2998.3,2998.3,2998.3,2998.3,rawr,darle una limosna
16540481,19,timeout,9997.1,9997.1,9997.1,9997.1,9997.1,9997.1,timeout,darle una limosna
16540481,20,,2999.1,2999.1,2999.1,2999.1,2999.1,2999.1,rawr,monedas
16540481,20,monedas,1879.5,1865.8,1879.5,1879.5,1865.8,1879.5,click,monedas
16540481,21,,2999.8,2999.8,2999.8,2999.8,2999.8,2999.8,rawr,las caricias
16540481,21,las caricias,2486.3,2482,2486.3,2486.3,2482,2486.3,click,las caricias
16540481,22,,2999.1,2999.1,2999.1,2999.1,2999.1,2999.1,rawr,escondérmela
16540481,22,escondérmela,2821.6,2815.8,2821.6,2821.6,2815.8,2821.6,click,escondérmela
16540481,23,,2999.4,2999.4,2999.4,2999.4,2999.4,2999.4,rawr,Dios sabe dónde
16540481,23,Dios sabe dónde,6313.8,6297.9,6313.8,6313.8,6297.9,6313.8,click,Dios sabe dónde
16540481,24,,2999.2,2999.2,2999.2,2999.2,2999.2,2999.2,rawr,tuviste la culpa
16540481,24,tuviste la culpa,5356.1,5349.6,5356.1,5356.1,5349.6,5356.1,click,tuviste la culpa
16540481,25,,2998.8,2998.8,2998.8,2998.8,2998.8,2998.8,rawr,la cría de reses
16540481,25,la cría de reses,5344.1,5331.1,5344.1,5344.1,5331.1,5344.1,click,la cría de reses
16540481,26,,2999.2,2999.2,2999.2,2999.2,2999.2,2999.2,rawr,del fallecimiento
16540481,26,del fallecimiento,3542.9,3532.3,3542.9,3542.9,3532.3,3542.9,click,del fallecimiento
16540481,27,,2998.8,2998.8,2998.8,2998.8,2998.8,2998.8,rawr,llevarlo a cabo
16540481,27,llevarlo a cabo,4154.6,4149.1,4154.6,4154.6,4149.1,4154.6,click,llevarlo a cabo
16540481,28,,2999.2,2999.2,2999.2,2999.2,2999.2,2999.2,rawr,los naufragios
16540481,28,los naufragios,4943.2,4931.8,4943.2,4943.2,4931.8,4943.2,click,los naufragios
16540481,29,,2999.2,2999.2,2999.2,2999.2,2999.2,2999.2,rawr,aquel barrio
16540481,29,el callejeo,5388,5381.6,5388,5388,5381.6,5388,click,aquel barrio
16540481,30,,2999.4,2999.4,2999.4,2999.4,2999.4,2999.4,rawr,repartirlo
16540481,30,repartirlo,3215.2,3198.8,3215.2,3215.2,3198.8,3215.2,click,repartirlo
16540481,1,,15560.9,15545.7,15560.9,15560.9,15545.7,15560.9,,
16540481,1,,80489.3,80476.2,80489.3,80489.3,80476.2,80489.3,,
16540481,1,cumplido,14042.1,14029.2,14042.1,14042.1,14029.2,14042.1,click,cumplido
16540481,2,iniciara,12413.7,12397,12413.7,12413.7,12397,12413.7,click,iniciara
16540481,3,encargar,18856,18844.1,18856,18856,18844.1,18856,click,encargar
16540481,4,sirviera,9955.1,9947.1,9955.1,9955.1,9947.1,9955.1,click,sirviera
16540481,5,superar,17177.2,17161.6,17177.2,17177.2,17161.6,17177.2,click,superar
16540481,6,por,15752.2,15745.5,15752.2,15752.2,15745.5,15752.2,click,con
16540481,7,voluntad,10504,10497.3,10504,10504,10497.3,10504,click,poder
16540481,8,a,7760.2,7747.3,7760.2,7760.2,7747.3,7760.2,click,a
16540481,9,hubo,8113.6,8097.6,8113.6,8113.6,8097.6,8113.6,click,había
16540481,10,lo que,8679.3,8664.3,8679.3,8679.3,8664.3,8679.3,click,lo que
16540481,11,intentado,17511.9,17494.8,17511.9,17511.9,17494.8,17511.9,click,tratado
16540481,12,restringido,7964.5,7947.8,7964.5,7964.5,7947.8,7964.5,click,restringido
16540481,13,enseñarán,7985.5,7982.5,7985.5,7985.5,7982.5,7985.5,click,enseñarán
16540481,14,sobre,4613.6,4596.8,4613.6,4613.6,4596.8,4613.6,click,sobre
16540481,15,así,16957.9,16945.3,16957.9,16957.9,16945.3,16957.9,click,así
16540481,16,sea,8020.9,8014.4,8020.9,8020.9,8014.4,8020.9,click,sea
16540481,17,niveles,10996.8,10980.1,10996.8,10996.8,10980.1,10996.8,click,niveles
16540481,18,a,5345.2,5331.7,5345.2,5345.2,5331.7,5345.2,click,a
16540481,19,pleno,8563.6,8547.3,8563.6,8563.6,8547.3,8563.6,click,pleno
16540481,20,próxima,6149.7,6132.4,6149.7,6149.7,6132.4,6149.7,click,próxima
16540481,,END,,,538520,,,,,
16540483,,BEGIN,,,,,,,,
16540483,1,,27704.164,27700.264,27704.164,27704.164,27700.264,27704.164,,
16540483,1,,2999.4,2999.4,2999.4,2999.4,2999.4,2999.4,rawr,desconsolado
16540483,1,desconsolado,7313.5,7300.1,7313.5,7313.5,7300.1,7313.5,click,desconsolado
16540483,2,,3000.4,3000.4,3000.4,3000.4,3000.4,3000.4,rawr,falta
16540483,2,falta,6314.4,6299.6,6314.4,6314.4,6299.6,6314.4,click,falta
16540483,3,,2999.8,2999.8,2999.8,2999.8,2999.8,2999.8,rawr,enfermo
16540483,3,parado,8526.7,8517,8526.7,8526.7,8517,8526.7,click,enfermo
16540483,4,,2999.9,2999.9,2999.9,2999.9,2999.9,2999.9,rawr,caliente
16540483,4,caliente,7484.7,7467.4,7484.7,7484.7,7467.4,7484.7,click,caliente
16540483,5,,3000.6,3000.6,3000.6,3000.6,3000.6,3000.6,rawr,ver
16540483,5,oír,8786.4,8783.1,8786.4,8786.4,8783.1,8786.4,click,ver
16540483,6,,2999.1,2999.1,2999.1,2999.1,2999.1,2999.1,rawr,salir de casa
16540483,6,respirar con pena,9873.7,9866.4,9873.7,9873.7,9866.4,9873.7,click,salir de casa
16540483,7,,3000.3,3000.3,3000.3,3000.3,3000.3,3000.3,rawr,estrellas
16540483,7,estrellas,4204.4,4200.2,4204.4,4204.4,4200.2,4204.4,click,estrellas
16540483,8,,2999.5,2999.5,2999.5,2999.5,2999.5,2999.5,rawr,¿Qué tal?
16540483,8,¿Qué va?,9665.3,9650.1,9665.3,9665.3,9650.1,9665.3,click,¿Qué tal?
16540483,9,,3000.5,3000.5,3000.5,3000.5,3000.5,3000.5,rawr,ladrar
16540483,9,sueño,8499.5,8483,8499.5,8499.5,8483,8499.5,click,ladrar
16540483,10,,3000.3,3000.3,3000.3,3000.3,3000.3,3000.3,rawr,despertador
16540483,10,calendario,8264.2,8250.1,8264.2,8264.2,8250.1,8264.2,click,despertador
16540483,11,,3000,3000,3000,3000,3000,3000,rawr,aceite
16540483,11,timeout,9999.6,9999.6,9999.6,9999.6,9999.6,9999.6,timeout,aceite
16540483,12,,3000.5,3000.5,3000.5,3000.5,3000.5,3000.5,rawr,tomamos asiento
16540483,12,comenzamos a fumar,8916.9,8900,8916.9,8916.9,8900,8916.9,click,tomamos asiento
16540483,13,,2999.4,2999.4,2999.4,2999.4,2999.4,2999.4,rawr,cortarte
16540483,13,quemarte,7262.1,7250.1,7262.1,7262.1,7250.1,7262.1,click,cortarte
16540483,14,,3000.5,3000.5,3000.5,3000.5,3000.5,3000.5,rawr,patinar
16540483,14,almorzar,7226.9,7216.5,7226.9,7226.9,7216.5,7226.9,click,patinar
16540483,15,,3000.2,3000.2,3000.2,3000.2,3000.2,3000.2,rawr,fuego
16540483,15,fuego,8603.2,8600.7,8603.2,8603.2,8600.7,8603.2,click,fuego
16540483,16,,2998.9,2998.9,2998.9,2998.9,2998.9,2998.9,rawr,la noticia que deseaba
16540483,16,el periódico perdido,7801,7783.9,7801,7801,7783.9,7801,click,la noticia que deseaba
16540483,17,,2999.8,2999.8,2999.8,2999.8,2999.8,2999.8,rawr,aliviar
16540483,17,dulcificar,7916.3,7899.8,7916.3,7916.3,7899.8,7916.3,click,aliviar
16540483,18,,3000.6,3000.6,3000.6,3000.6,3000.6,3000.6,rawr,perecer
16540483,18,ganar,7903.9,7899.9,7903.9,7903.9,7899.9,7903.9,click,perecer
16540483,19,,2999.6,2999.6,2999.6,2999.6,2999.6,2999.6,rawr,darle una limosna
16540483,19,pegarle,6848.4,6833.2,6848.4,6848.4,6833.2,6848.4,click,darle una limosna
16540483,20,,3000.2,3000.2,3000.2,3000.2,3000.2,3000.2,rawr,monedas
16540483,20,paz,5643.8,5634,5643.8,5643.8,5634,5643.8,click,monedas
16540483,21,,2999.5,2999.5,2999.5,2999.5,2999.5,2999.5,rawr,las caricias
16540483,21,los golpes,8466.7,8450.1,8466.7,8466.7,8450.1,8466.7,click,las caricias
16540483,22,,2999.6,2999.6,2999.6,2999.6,2999.6,2999.6,rawr,escondérmela
16540483,22,escondérmela,9865.5,9850.4,9865.5,9865.5,9850.4,9865.5,click,escondérmela
16540483,23,,2999.5,2999.5,2999.5,2999.5,2999.5,2999.5,rawr,Dios sabe dónde
16540483,23,en el bosillo,9595.8,9583.7,9595.8,9595.8,9583.7,9595.8,click,Dios sabe dónde
16540483,24,,2999.8,2999.8,2999.8,2999.8,2999.8,2999.8,rawr,tuviste la culpa
16540483,24,tuviste la culpa,5276.5,5266.7,5276.5,5276.5,5266.7,5276.5,click,tuviste la culpa
16540483,25,,3000.1,3000.1,3000.1,3000.1,3000.1,3000.1,rawr,la cría de reses
16540483,25,la construcción de trampas,8011.5,8000.1,8011.5,8011.5,8000.1,8011.5,click,la cría de reses
16540483,26,,3000.1,3000.1,3000.1,3000.1,3000.1,3000.1,rawr,del fallecimiento
16540483,26,del éxito,8683.8,8666.9,8683.8,8683.8,8666.9,8683.8,click,del fallecimiento
16540483,27,,2999.7,2999.7,2999.7,2999.7,2999.7,2999.7,rawr,llevarlo a cabo
16540483,27,llevarlo a cabo,9349.8,9333.3,9349.8,9349.8,9333.3,9349.8,click,llevarlo a cabo
16540483,28,,3000.1,3000.1,3000.1,3000.1,3000.1,3000.1,rawr,los naufragios
16540483,28,los naufragios,8640.9,8633.3,8640.9,8640.9,8633.3,8640.9,click,los naufragios
16540483,29,,2999.8,2999.8,2999.8,2999.8,2999.8,2999.8,rawr,aquel barrio
16540483,29,el puente,7047.1,7034.1,7047.1,7047.1,7034.1,7047.1,click,aquel barrio
16540483,30,,2999.7,2999.7,2999.7,2999.7,2999.7,2999.7,rawr,repartirlo
16540483,30,conservarlo,7261.7,7249.6,7261.7,7261.7,7249.6,7261.7,click,repartirlo
16540483,1,,22152.6,22149.8,22152.6,22152.6,22149.8,22152.6,,
16540483,1,,120002.2,120001,120002.2,120002.2,120001,120002.2,,
16540483,1,terminado,14384.7,14367.1,14384.7,14384.7,14367.1,14384.7,click,cumplido
16540483,2,inició,29181.5,29166.4,29181.5,29181.5,29166.4,29181.5,click,iniciara
16540483,3,mandar,20266,20249.6,20266,20266,20249.6,20266,click,encargar
16540483,4,sirviera,22587.5,22583.6,22587.5,22587.5,22583.6,22587.5,click,sirviera
16540483,5,superar,16701.6,16699.7,16701.6,16701.6,16699.7,16701.6,click,superar
16540483,6,con,13633.9,13617.1,13633.9,13633.9,13617.1,13633.9,click,con
16540483,7,favor,13343.6,13334.1,13343.6,13343.6,13334.1,13343.6,click,poder
16540483,8,al,24113.2,24099.6,24113.2,24113.2,24099.6,24113.2,click,a
16540483,9,hubo,27653.6,27649.6,27653.6,27653.6,27649.6,27653.6,click,había
16540483,10,que,15955.9,15950,15955.9,15955.9,15950,15955.9,click,lo que
16540483,11,tratado,12768.2,12751,12768.2,12768.2,12751,12768.2,click,tratado
16540483,12,restringido,18765.6,18748.9,18765.6,18765.6,18748.9,18765.6,click,restringido
16540483,13,enseñarán,26307.7,26300.5,26307.7,26307.7,26300.5,26307.7,click,enseñarán
16540483,14,para,11479.3,11467,11479.3,11479.3,11467,11479.3,click,sobre
16540483,15,para,23796.7,23782.7,23796.7,23796.7,23782.7,23796.7,click,así
16540483,16,será,22848.4,22833.7,22848.4,22848.4,22833.7,22848.4,click,sea
16540483,17,aspectos,17156.7,17150.1,17156.7,17156.7,17150.1,17156.7,click,niveles
16540483,18,de,9899,9883.5,9899,9899,9883.5,9899,click,a
16540483,19,total,14160.8,14150,14160.8,14160.8,14150,14160.8,click,pleno
16540483,20,próxima,12333.5,12316.6,12333.5,12333.5,12316.6,12333.5,click,próxima
16540483,,END,,,865835,,,,,
16540484,,BEGIN,,,,,,,,
16540484,1,,11957.5,11949.8,11957.5,11957.5,11949.8,11957.5,,
16540484,1,,3000.1,3000.1,3000.1,3000.1,3000.1,3000.1,rawr,desconsolado
16540484,1,desconsolado,2592.4,2583.1,2592.4,2592.4,2583.1,2592.4,click,desconsolado
16540484,2,,3000.5,3000.5,3000.5,3000.5,3000.5,3000.5,rawr,falta
16540484,2,falta,3204.2,3199.5,3204.2,3204.2,3199.5,3204.2,click,falta
16540484,3,,3000.2,3000.2,3000.2,3000.2,3000.2,3000.2,rawr,enfermo
16540484,3,enfermo,3394,3383.2,3394,3394,3383.2,3394,click,enfermo
16540484,4,,2999.9,2999.9,2999.9,2999.9,2999.9,2999.9,rawr,caliente
16540484,4,caliente,2917.5,2916.4,2917.5,2917.5,2916.4,2917.5,click,caliente
16540484,5,,3000.2,3000.2,3000.2,3000.2,3000.2,3000.2,rawr,ver
16540484,5,ver,2810.7,2800.1,2810.7,2810.7,2800.1,2810.7,click,ver
16540484,6,,2999.9,2999.9,2999.9,2999.9,2999.9,2999.9,rawr,salir de casa
16540484,6,salir de casa,3248.8,3232.9,3248.8,3248.8,3232.9,3248.8,click,salir de casa
16540484,7,,3000.3,3000.3,3000.3,3000.3,3000.3,3000.3,rawr,estrellas
16540484,7,estrellas,3737.6,3732.9,3737.6,3737.6,3732.9,3737.6,click,estrellas
16540484,8,,3000.3,3000.3,3000.3,3000.3,3000.3,3000.3,rawr,¿Qué tal?
16540484,8,¿Qué tal?,2966.7,2950,2966.7,2966.7,2950,2966.7,click,¿Qué tal?
16540484,9,,2999.9,2999.9,2999.9,2999.9,2999.9,2999.9,rawr,ladrar
16540484,9,ladrar,1918.8,1916.4,1918.8,1918.8,1916.4,1918.8,click,ladrar
16540484,10,,3000.2,3000.2,3000.2,3000.2,3000.2,3000.2,rawr,despertador
16540484,10,despertador,2700.3,2683.3,2700.3,2700.3,2683.3,2700.3,click,despertador
16540484,11,,2999.9,2999.9,2999.9,2999.9,2999.9,2999.9,rawr,aceite
16540484,11,aceite,2931.3,2916.3,2931.3,2931.3,2916.3,2931.3,click,aceite
16540484,12,,3000.2,3000.2,3000.2,3000.2,3000.2,3000.2,rawr,tomamos asiento
16540484,12,tomamos asiento,3803.6,3799.8,3803.6,3803.6,3799.8,3803.6,click,tomamos asiento
16540484,13,,2999.9,2999.9,2999.9,2999.9,2999.9,2999.9,rawr,cortarte
16540484,13,cortarte,2296.7,2283.3,2296.7,2296.7,2283.3,2296.7,click,cortarte
16540484,14,,3000.2,3000.2,3000.2,3000.2,3000.2,3000.2,rawr,patinar
16540484,14,patinar,3598.2,3583.3,3598.2,3598.2,3583.3,3598.2,click,patinar
16540484,15,,2999.9,2999.9,2999.9,2999.9,2999.9,2999.9,rawr,fuego
16540484,15,fuego,5117.6,5116.4,5117.6,5117.6,5116.4,5117.6,click,fuego
16540484,16,,3000.2,3000.2,3000.2,3000.2,3000.2,3000.2,rawr,la noticia que deseaba
16540484,16,los ejemplos,6077.9,6066.3,6077.9,6077.9,6066.3,6077.9,click,la noticia que deseaba
16540484,17,,3000.2,3000.2,3000.2,3000.2,3000.2,3000.2,rawr,aliviar
16540484,17,aliviar,3731.7,3716.3,3731.7,3731.7,3716.3,3731.7,click,aliviar
16540484,18,,3000.3,3000.3,3000.3,3000.3,3000.3,3000.3,rawr,perecer
16540484,18,acabar,4377.2,4366.3,4377.2,4377.2,4366.3,4377.2,click,perecer
16540484,19,,3000.2,3000.2,3000.2,3000.2,3000.2,3000.2,rawr,darle una limosna
16540484,19,darle una limosna,4644.2,4633.3,4644.2,4644.2,4633.3,4644.2,click,darle una limosna
16540484,20,,3000,3000,3000,3000,3000,3000,rawr,monedas
16540484,20,monedas,1894,1883,1894,1894,1883,1894,click,monedas
16540484,21,,2999.9,2999.9,2999.9,2999.9,2999.9,2999.9,rawr,las caricias
16540484,21,las caricias,5030.1,5016.6,5030.1,5030.1,5016.6,5030.1,click,las caricias
16540484,22,,3000.4,3000.4,3000.4,3000.4,3000.4,3000.4,rawr,escondérmela
16540484,22,dejármela,4746.8,4732.9,4746.8,4746.8,4732.9,4746.8,click,escondérmela
16540484,23,,2999.8,2999.8,2999.8,2999.8,2999.8,2999.8,rawr,Dios sabe dónde
16540484,23,Dios sabe dónde,9950.4,9933.6,9950.4,9950.4,9933.6,9950.4,click,Dios sabe dónde
16540484,24,,2999.6,2999.6,2999.6,2999.6,2999.6,2999.6,rawr,tuviste la culpa
16540484,24,tuviste la culpa,3111.2,3099.9,3111.2,3111.2,3099.9,3111.2,click,tuviste la culpa
16540484,25,,3000.3,3000.3,3000.3,3000.3,3000.3,3000.3,rawr,la cría de reses
16540484,25,el fomento de motines,5052.4,5049.6,5052.4,5052.4,5049.6,5052.4,click,la cría de reses
16540484,26,,3000.1,3000.1,3000.1,3000.1,3000.1,3000.1,rawr,del fallecimiento
16540484,26,del fallecimiento,3716.3,3699.8,3716.3,3716.3,3699.8,3716.3,click,del fallecimiento
16540484,27,,3000.3,3000.3,3000.3,3000.3,3000.3,3000.3,rawr,llevarlo a cabo
16540484,27,rechazarlo,4211.4,4199.6,4211.4,4211.4,4199.6,4211.4,click,llevarlo a cabo
16540484,28,,3000.1,3000.1,3000.1,3000.1,3000.1,3000.1,rawr,los naufragios
16540484,28,los naufragios,2069.8,2066.4,2069.8,2069.8,2066.4,2069.8,click,los naufragios
16540484,29,,3000.3,3000.3,3000.3,3000.3,3000.3,3000.3,rawr,aquel barrio
16540484,29,aquel barrio,3883.5,3866.6,3883.5,3883.5,3866.6,3883.5,click,aquel barrio
16540484,30,,3000,3000,3000,3000,3000,3000,rawr,repartirlo
16540484,30,ponérselo,4286.4,4283.1,4286.4,4286.4,4283.1,4286.4,click,repartirlo
16540484,1,,17963.9,17949.6,17963.9,17963.9,17949.6,17963.9,,
16540484,1,,119998.8,119998.3,119998.8,119998.8,119998.3,119998.8,,
16540484,1,cumplido,13616.3,13599.6,13616.3,13616.3,13599.6,13616.3,click,cumplido
16540484,2,iniciaba,17229.6,17216.2,17229.6,17229.6,17216.2,17229.6,click,iniciara
16540484,3,encargar,13698.7,13683.5,13698.7,13698.7,13683.5,13698.7,click,encargar
16540484,4,hubiera servido,12799.4,12782.9,12799.4,12799.4,12782.9,12799.4,click,sirviera
16540484,5,superar,5747.7,5733.3,5747.7,5747.7,5733.3,5747.7,click,superar
16540484,6,por,11769.3,11766.3,11769.3,11769.3,11766.3,11769.3,click,con
16540484,7,poder,17219.3,17216.4,17219.3,17219.3,17216.4,17219.3,click,poder
16540484,8,a,6523.5,6516.6,6523.5,6523.5,6516.6,6523.5,click,a
16540484,9,hubo,9783.7,9766.8,9783.7,9783.7,9766.8,9783.7,click,había
16540484,10,lo que,9029,9016.4,9029,9029,9016.4,9029,click,lo que
16540484,11,pretendido,19322.1,19316.2,19322.1,19322.1,19316.2,19322.1,click,tratado
16540484,12,restringido,9479.3,9466.5,9479.3,9479.3,9466.5,9479.3,click,restringido
16540484,13,enseñarán,10305.4,10299.9,10305.4,10305.4,10299.9,10305.4,click,enseñarán
16540484,14,sobre,5669.9,5666.5,5669.9,5669.9,5666.5,5669.9,click,sobre
16540484,15,así,26356.5,26349.5,26356.5,26356.5,26349.5,26356.5,click,así
16540484,16,será,6917.1,6900.2,6917.1,6917.1,6900.2,6917.1,click,sea
16540484,17,aspectos,13055.2,13049.8,13055.2,13055.2,13049.8,13055.2,click,niveles
16540484,18,para,7098.2,7083.1,7098.2,7098.2,7083.1,7098.2,click,a
16540484,19,pleno,9980.4,9966.3,9980.4,9980.4,9966.3,9980.4,click,pleno
16540484,20,próxima,10180.6,10166.5,10180.6,10180.6,10166.5,10180.6,click,próxima
16540484,,END,,,589135,,,,,
16540486,,BEGIN,,,,,,,,
16540486,1,,3915.3,3899.4,3915.3,3915.3,3899.4,3915.3,,
16540486,1,,3000.7,3000.7,3000.7,3000.7,3000.7,3000.7,rawr,desconsolado
16540486,1,fatigado,2292.8,2283.3,2292.8,2292.8,2283.3,2292.8,click,desconsolado
16540486,2,,3000.1,3000.1,3000.1,3000.1,3000.1,3000.1,rawr,falta
16540486,2,regalan,1809.8,1800,1809.8,1809.8,1800,1809.8,click,falta
16540486,3,,3000,3000,3000,3000,3000,3000,rawr,enfermo
16540486,3,enfermo,1425.2,1416.7,1425.2,1425.2,1416.7,1425.2,click,enfermo
16540486,4,,3000,3000,3000,3000,3000,3000,rawr,caliente
16540486,4,amargo,2458.6,2450.1,2458.6,2458.6,2450.1,2458.6,click,caliente
16540486,5,,3000,3000,3000,3000,3000,3000,rawr,ver
16540486,5,entender,2608.7,2600,2608.7,2608.7,2600,2608.7,click,ver
16540486,6,,3000.1,3000.1,3000.1,3000.1,3000.1,3000.1,rawr,salir de casa
16540486,6,salir de casa,1759,1750,1759,1759,1750,1759,click,salir de casa
16540486,7,,3000.1,3000.1,3000.1,3000.1,3000.1,3000.1,rawr,estrellas
16540486,7,camas,1609.8,1599.9,1609.8,1609.8,1599.9,1609.8,click,estrellas
16540486,8,,3000.1,3000.1,3000.1,3000.1,3000.1,3000.1,rawr,¿Qué tal?
16540486,8,¿Qué tal?,1808.9,1800,1808.9,1808.9,1800,1808.9,click,¿Qué tal?
16540486,9,,3000.1,3000.1,3000.1,3000.1,3000.1,3000.1,rawr,ladrar
16540486,9,hambre,1694.9,1683.2,1694.9,1694.9,1683.2,1694.9,click,ladrar
16540486,10,,3000.1,3000.1,3000.1,3000.1,3000.1,3000.1,rawr,despertador
16540486,10,calendario,2092.5,2083.4,2092.5,2092.5,2083.4,2092.5,click,despertador
16540486,11,,2999.9,2999.9,2999.9,2999.9,2999.9,2999.9,rawr,aceite
16540486,11,bocina,1228.7,1216.7,1228.7,1228.7,1216.7,1228.7,click,aceite
16540486,12,,3000.1,3000.1,3000.1,3000.1,3000.1,3000.1,rawr,tomamos asiento
16540486,12,comenzamos a fumar,1642.6,1633.4,1642.6,1642.6,1633.4,1642.6,click,tomamos asiento
16540486,13,,2999.8,2999.8,2999.8,2999.8,2999.8,2999.8,rawr,cortarte
16540486,13,cortarte,1175.2,1166.8,1175.2,1175.2,1166.8,1175.2,click,cortarte
16540486,14,,2999.1,2999.1,2999.1,2999.1,2999.1,2999.1,rawr,patinar
16540486,14,cantar,1192.9,1184.5,1192.9,1192.9,1184.5,1192.9,click,patinar
16540486,15,,3000,3000,3000,3000,3000,3000,rawr,fuego
16540486,15,serpientes,1158.8,1150,1158.8,1158.8,1150,1158.8,click,fuego
16540486,16,,3000,3000,3000,3000,3000,3000,rawr,la noticia que deseaba
16540486,16,los ejemplos,2125.3,2116.7,2125.3,2125.3,2116.7,2125.3,click,la noticia que deseaba
16540486,17,,3000.1,3000.1,3000.1,3000.1,3000.1,3000.1,rawr,aliviar
16540486,17,estorbar,1259.6,1249.9,1259.6,1259.6,1249.9,1259.6,click,aliviar
16540486,18,,3000.1,3000.1,3000.1,3000.1,3000.1,3000.1,rawr,perecer
16540486,18,ganar,1325.5,1316.7,1325.5,1325.5,1316.7,1325.5,click,perecer
16540486,19,,3000.1,3000.1,3000.1,3000.1,3000.1,3000.1,rawr,darle una limosna
16540486,19,echar una mirada,1775.1,1766.7,1775.1,1775.1,1766.7,1775.1,click,darle una limosna
16540486,20,,2999.9,2999.9,2999.9,2999.9,2999.9,2999.9,rawr,monedas
16540486,20,pedazos,3225.3,3216.8,3225.3,3225.3,3216.8,3225.3,click,monedas
16540486,21,,3000,3000,3000,3000,3000,3000,rawr,las caricias
16540486,21,los golpes,2241.9,2233.4,2241.9,2241.9,2233.4,2241.9,click,las caricias
16540486,22,,3000,3000,3000,3000,3000,3000,rawr,escondérmela
16540486,22,escondérmela,858.3,850.1,858.3,858.3,850.1,858.3,click,escondérmela
16540486,23,,3000,3000,3000,3000,3000,3000,rawr,Dios sabe dónde
16540486,23,en el bosillo,825,816.6,825,825,816.6,825,click,Dios sabe dónde
16540486,24,,3000.1,3000.1,3000.1,3000.1,3000.1,3000.1,rawr,tuviste la culpa
16540486,24,eres testigo,1741.8,1733.3,1741.8,1741.8,1733.3,1741.8,click,tuviste la culpa
16540486,25,,2999.1,2999.1,2999.1,2999.1,2999.1,2999.1,rawr,la cría de reses
16540486,25,el costo de vida,959.4,951,959.4,959.4,951,959.4,click,la cría de reses
16540486,26,,3000.1,3000.1,3000.1,3000.1,3000.1,3000.1,rawr,del fallecimiento
16540486,26,del fallecimiento,1341.9,1333.2,1341.9,1341.9,1333.2,1341.9,click,del fallecimiento
16540486,27,,3000.1,3000.1,3000.1,3000.1,3000.1,3000.1,rawr,llevarlo a cabo
16540486,27,llevarlo a cabo,1891.8,1883.3,1891.8,1891.8,1883.3,1891.8,click,llevarlo a cabo
16540486,28,,3000.2,3000.2,3000.2,3000.2,3000.2,3000.2,rawr,los naufragios
16540486,28,los peces,1358.2,1350,1358.2,1358.2,1350,1358.2,click,los naufragios
16540486,29,,3000.1,3000.1,3000.1,3000.1,3000.1,3000.1,rawr,aquel barrio
16540486,29,el puente,1025.1,1016.5,1025.1,1025.1,1016.5,1025.1,click,aquel barrio
16540486,30,,3000.1,3000.1,3000.1,3000.1,3000.1,3000.1,rawr,repartirlo
16540486,30,conservarlo,924.9,916.6,924.9,924.9,916.6,924.9,click,repartirlo
16540486,1,,9225.7,9216.7,9225.7,9225.7,9216.7,9225.7,,
16540486,1,,110833.7,110817.7,110833.7,110833.7,110817.7,110833.7,,
16540486,1,cumplido,5625.5,5616.8,5625.5,5625.5,5616.8,5625.5,click,cumplido
16540486,2,iniciaba,3358.3,3350,3358.3,3358.3,3350,3358.3,click,iniciara
16540486,3,pedir,3742.1,3733.3,3742.1,3742.1,3733.3,3742.1,click,encargar
16540486,4,sirviera,2942.3,2933.5,2942.3,2942.3,2933.5,2942.3,click,sirviera
16540486,5,superar,2791.7,2783.3,2791.7,2791.7,2783.3,2791.7,click,superar
16540486,6,en,3159.9,3149.1,3159.9,3159.9,3149.1,3159.9,click,con
16540486,7,poder,2611.4,2600.1,2611.4,2611.4,2600.1,2611.4,click,poder
16540486,8,a,2450.8,2434.3,2450.8,2450.8,2434.3,2450.8,click,a
16540486,9,había,2175,2166.6,2175,2175,2166.6,2175,click,había
16540486,10,el que,2658.6,2650,2658.6,2658.6,2650,2658.6,click,lo que
16540486,11,pretendido,1998.5,1983.4,1998.5,1998.5,1983.4,1998.5,click,tratado
16540486,12,escaso,5492.7,5483.5,5492.7,5492.7,5483.5,5492.7,click,restringido
16540486,13,darán,3809.7,3800,3809.7,3809.7,3800,3809.7,click,enseñarán
16540486,14,sobre,1942.6,1933.4,1942.6,1942.6,1933.4,1942.6,click,sobre
16540486,15,para,1875.4,1866.7,1875.4,1875.4,1866.7,1875.4,click,así
16540486,16,sea,2359.3,2350,2359.3,2359.3,2350,2359.3,click,sea
16540486,17,niveles,3558.7,3550.1,3558.7,3558.7,3550.1,3558.7,click,niveles
16540486,18,de,4192.1,4183.4,4192.1,4192.1,4183.4,4192.1,click,a
16540486,19,total,2892.8,2883.3,2892.8,2892.8,2883.3,2892.8,click,pleno
16540486,20,pasada,2091.9,2083.4,2091.9,2091.9,2083.4,2091.9,click,próxima
16540486,,END,,,324023,,,,,
16540487,,BEGIN,,,,,,,,
16540487,1,,2841.7,2835.4,2841.7,2841.7,2835.4,2841.7,,
16540487,1,,3001,3001,3001,3001,3001,3001,rawr,desconsolado
16540487,1,timeout,10005.4,10005.4,10005.4,10005.4,10005.4,10005.4,timeout,desconsolado
16540487,2,,3001.4,3001.4,3001.4,3001.4,3001.4,3001.4,rawr,falta
16540487,2,timeout,10005.5,10005.5,10005.5,10005.5,10005.5,10005.5,timeout,falta
16540487,3,,3001.4,3001.4,3001.4,3001.4,3001.4,3001.4,rawr,enfermo
16540487,3,timeout,10005.3,10005.3,10005.3,10005.3,10005.3,10005.3,timeout,enfermo
16540487,4,,3001.6,3001.6,3001.6,3001.6,3001.6,3001.6,rawr,caliente
16540487,4,agrio,5292.399999,5286.1,5292.399999,5292.399999,5286.1,5292.399999,click,caliente
16540487,5,,3001.8,3001.8,3001.8,3001.8,3001.8,3001.8,rawr,ver
16540487,5,timeout,10005.1,10005.1,10005.1,10005.1,10005.1,10005.1,timeout,ver
16540487,6,,3001.5,3001.5,3001.5,3001.5,3001.5,3001.5,rawr,salir de casa
16540487,6,salir de casa,6907.7,6903.5,6907.7,6907.7,6903.5,6907.7,click,salir de casa
16540487,7,,3002.2,3002.2,3002.2,3002.2,3002.2,3002.2,rawr,estrellas
16540487,7,nubes,1786,1784,1786,1786,1784,1786,click,estrellas
16540487,8,,3001.9,3001.9,3001.9,3001.9,3001.9,3001.9,rawr,¿Qué tal?
16540487,8,¿Cómo es?,2148.6,2133.9,2148.6,2148.6,2133.9,2148.6,click,¿Qué tal?
16540487,9,,3001.7,3001.7,3001.7,3001.7,3001.7,3001.7,rawr,ladrar
16540487,9,hambre,1952.5,1950.8,1952.5,1952.5,1950.8,1952.5,click,ladrar
16540487,10,,3001.7,3001.7,3001.7,3001.7,3001.7,3001.7,rawr,despertador
16540487,10,calendario,2152.4,2151.1,2152.4,2152.4,2151.1,2152.4,click,despertador
16540487,11,,3002,3002,3002,3002,3002,3002,rawr,aceite
16540487,11,comer,1713.599999,1700.5,1713.599999,1713.599999,1700.5,1713.599999,click,aceite
16540487,12,,3001.7,3001.7,3001.7,3001.7,3001.7,3001.7,rawr,tomamos asiento
16540487,12,tomamos asiento,2751.2,2734.6,2751.2,2751.2,2734.6,2751.2,click,tomamos asiento
16540487,13,,3001.7,3001.7,3001.7,3001.7,3001.7,3001.7,rawr,cortarte
16540487,13,comerte,1707.4,1700.9,1707.4,1707.4,1700.9,1707.4,click,cortarte
16540487,14,,3001.5,3001.5,3001.5,3001.5,3001.5,3001.5,rawr,patinar
16540487,14,patinar,2474.199999,2468.3,2474.199999,2474.199999,2468.3,2474.199999,click,patinar
16540487,15,,3001.5,3001.5,3001.5,3001.5,3001.5,3001.5,rawr,fuego
16540487,15,fuego,8046.6,8037.3,8046.6,8046.6,8037.3,8046.6,click,fuego
16540487,16,,3001.6,3001.6,3001.6,3001.6,3001.6,3001.6,rawr,la noticia que deseaba
16540487,16,la noticia que deseaba,8350.1,8337.7,8350.1,8350.1,8337.7,8350.1,click,la noticia que deseaba
16540487,17,,3001.6,3001.6,3001.6,3001.6,3001.6,3001.6,rawr,aliviar
16540487,17,dulcificar,1224.3,1217.3,1224.3,1224.3,1217.3,1224.3,click,aliviar
16540487,18,,3001.5,3001.5,3001.5,3001.5,3001.5,3001.5,rawr,perecer
16540487,18,ganar,1682,1667.5,1682,1682,1667.5,1682,click,perecer
16540487,19,,3001.8,3001.8,3001.8,3001.8,3001.8,3001.8,rawr,darle una limosna
16540487,19,darle una limosna,862.6999998,850.4,862.6999998,862.6999998,850.4,862.6999998,click,darle una limosna
16540487,20,,3001.4,3001.4,3001.4,3001.4,3001.4,3001.4,rawr,monedas
16540487,20,paz,1510.2,1500.9,1510.2,1510.2,1500.9,1510.2,click,monedas
16540487,21,,3001.6,3001.6,3001.6,3001.6,3001.6,3001.6,rawr,las caricias
16540487,21,los engaños,1952.6,1950.8,1952.6,1952.6,1950.8,1952.6,click,las caricias
16540487,22,,3001.8,3001.8,3001.8,3001.8,3001.8,3001.8,rawr,escondérmela
16540487,22,escondérmela,1406.9,1400.7,1406.9,1406.9,1400.7,1406.9,click,escondérmela
16540487,23,,3001.5,3001.5,3001.5,3001.5,3001.5,3001.5,rawr,Dios sabe dónde
16540487,23,en el fuego,1154.7,1150.7,1154.7,1154.7,1150.7,1154.7,click,Dios sabe dónde
16540487,24,,3001.8,3001.8,3001.8,3001.8,3001.8,3001.8,rawr,tuviste la culpa
16540487,24,tuviste la culpa,1548.999999,1533.9,1548.999999,1548.999999,1533.9,1548.999999,click,tuviste la culpa
16540487,25,,3001.7,3001.7,3001.7,3001.7,3001.7,3001.7,rawr,la cría de reses
16540487,25,el costo de vida,1341.5,1334,1341.5,1341.5,1334,1341.5,click,la cría de reses
16540487,26,,3001.7,3001.7,3001.7,3001.7,3001.7,3001.7,rawr,del fallecimiento
16540487,26,de la alabanza,1659.199999,1650.7,1659.199999,1659.199999,1650.7,1659.199999,click,del fallecimiento
16540487,27,,3001.9,3001.9,3001.9,3001.9,3001.9,3001.9,rawr,llevarlo a cabo
16540487,27,desavenirse,2533,2517.9,2533,2533,2517.9,2533,click,llevarlo a cabo
16540487,28,,3001.8,3001.8,3001.8,3001.8,3001.8,3001.8,rawr,los naufragios
16540487,28,los naufragios,809.1999996,799.9,809.1999996,809.1999996,799.9,809.1999996,click,los naufragios
16540487,29,,3001.5,3001.5,3001.5,3001.5,3001.5,3001.5,rawr,aquel barrio
16540487,29,esa estación,802.7999996,800.8,802.7999996,802.7999996,800.8,802.7999996,click,aquel barrio
16540487,30,,3001.4,3001.4,3001.4,3001.4,3001.4,3001.4,rawr,repartirlo
16540487,30,repartirlo,792.0999996,783.9,792.0999996,792.0999996,783.9,792.0999996,click,repartirlo
16540487,1,,11114.2,11105.6,11114.2,11114.2,11105.6,11114.2,,
16540487,1,,12090.9,12089.7,12090.9,12090.9,12089.7,12090.9,,
16540487,1,cumplido,13892.7,13890.6,13892.7,13892.7,13890.6,13892.7,click,cumplido
16540487,2,iniciara,20642.8,20627.5,20642.8,20642.8,20627.5,20642.8,click,iniciara
16540487,3,encargar,9211.9,9204.8,9211.9,9211.9,9204.8,9211.9,click,encargar
16540487,4,sirviera,11989.2,11973.4,11989.2,11989.2,11973.4,11989.2,click,sirviera
16540487,5,superar,15577.9,15574.4,15577.9,15577.9,15574.4,15577.9,click,superar
16540487,6,con,8997,8988.3,8997,8997,8988.3,8997,click,con
16540487,7,poder,20677.2,20660.5,20677.2,20677.2,20660.5,20677.2,click,poder
16540487,8,en,3832.599999,3818.7,3832.599999,3832.599999,3818.7,3832.599999,click,a
16540487,9,habría,17871.1,17859.4,17871.1,17871.1,17859.4,17871.1,click,había
16540487,10,lo que,8998.4,8988,8998.4,8998.4,8988,8998.4,click,lo que
16540487,11,tratado,21037.8,21027.9,21037.8,21037.8,21027.9,21037.8,click,tratado
16540487,12,restringido,8942.599999,8937.8,8942.599999,8942.599999,8937.8,8942.599999,click,restringido
16540487,13,darán,18795.4,18793.3,18795.4,18795.4,18793.3,18795.4,click,enseñarán
16540487,14,sobre,10025.6,10022,10025.6,10025.6,10022,10025.6,click,sobre
16540487,15,así,22342.6,22328.3,22342.6,22342.6,22328.3,22342.6,click,así
16540487,16,sea,6919,6903.6,6919,6919,6903.6,6919,click,sea
16540487,17,niveles,17621.6,17609.4,17621.6,17621.6,17609.4,17621.6,click,niveles
16540487,18,a,10620.7,10605.5,10620.7,10620.7,10605.5,10620.7,click,a
16540487,19,pleno,6430,6420.1,6430,6430,6420.1,6430,click,pleno
16540487,20,próxima,5826.2,5819.6,5826.2,5826.2,5819.6,5826.2,click,próxima
16540487,,END,,,480526,,,,,
16540488,,BEGIN,,,,,,,,
16540488,1,,5143.554,5133.554,5143.554,5143.554,5133.554,5143.554,,
16540488,1,,3000,3000,3000,3000,3000,3000,rawr,desconsolado
16540488,1,desconsolado,5027.3,5016.8,5027.3,5027.3,5016.8,5027.3,click,desconsolado
16540488,2,,3000.1,3000.1,3000.1,3000.1,3000.1,3000.1,rawr,falta
16540488,2,presta,4493.1,4483.5,4493.1,4493.1,4483.5,4493.1,click,falta
16540488,3,,3000.1,3000.1,3000.1,3000.1,3000.1,3000.1,rawr,enfermo
16540488,3,ocupado,3728,3716.8,3728,3728,3716.8,3728,click,enfermo
16540488,4,,3000.1,3000.1,3000.1,3000.1,3000.1,3000.1,rawr,caliente
16540488,4,caliente,1526.5,1516.7,1526.5,1526.5,1516.7,1526.5,click,caliente
16540488,5,,3000,3000,3000,3000,3000,3000,rawr,ver
16540488,5,ver,4126.5,4116.8,4126.5,4126.5,4116.8,4126.5,click,ver
16540488,6,,3000.1,3000.1,3000.1,3000.1,3000.1,3000.1,rawr,salir de casa
16540488,6,respirar con pena,5293.1,5283.5,5293.1,5293.1,5283.5,5293.1,click,salir de casa
16540488,7,,3000.1,3000.1,3000.1,3000.1,3000.1,3000.1,rawr,estrellas
16540488,7,nubes,2876.8,2866.8,2876.8,2876.8,2866.8,2876.8,click,estrellas
16540488,8,,3000,3000,3000,3000,3000,3000,rawr,¿Qué tal?
16540488,8,¿Qué tal?,7394.8,7383.6,7394.8,7394.8,7383.6,7394.8,click,¿Qué tal?
16540488,9,,3000.1,3000.1,3000.1,3000.1,3000.1,3000.1,rawr,ladrar
16540488,9,ladrar,7260.3,7250.2,7260.3,7260.3,7250.2,7260.3,click,ladrar
16540488,10,,3000.1,3000.1,3000.1,3000.1,3000.1,3000.1,rawr,despertador
16540488,10,calendario,6960.2,6950.2,6960.2,6960.2,6950.2,6960.2,click,despertador
16540488,11,,3000.1,3000.1,3000.1,3000.1,3000.1,3000.1,rawr,aceite
16540488,11,aceite,6194.1,6183.5,6194.1,6194.1,6183.5,6194.1,click,aceite
16540488,12,,3000.1,3000.1,3000.1,3000.1,3000.1,3000.1,rawr,tomamos asiento
16540488,12,nos acostamos pronto,8077.8,8066.9,8077.8,8077.8,8066.9,8077.8,click,tomamos asiento
16540488,13,,3000.1,3000.1,3000.1,3000.1,3000.1,3000.1,rawr,cortarte
16540488,13,cortarte,5644,5633.1,5644,5644,5633.1,5644,click,cortarte
16540488,14,,3000.5,3000.5,3000.5,3000.5,3000.5,3000.5,rawr,patinar
16540488,14,charlar,5610.7,5600.1,5610.7,5610.7,5600.1,5610.7,click,patinar
16540488,15,,3000.1,3000.1,3000.1,3000.1,3000.1,3000.1,rawr,fuego
16540488,15,serpientes,4393.4,4383.5,4393.4,4393.4,4383.5,4393.4,click,fuego
16540488,16,,3000,3000,3000,3000,3000,3000,rawr,la noticia que deseaba
16540488,16,el periódico perdido,7894.2,7883.7,7894.2,7894.2,7883.7,7894.2,click,la noticia que deseaba
16540488,17,,3000,3000,3000,3000,3000,3000,rawr,aliviar
16540488,17,aliviar,3693.3,3683.4,3693.3,3693.3,3683.4,3693.3,click,aliviar
16540488,18,,3000.2,3000.2,3000.2,3000.2,3000.2,3000.2,rawr,perecer
16540488,18,perecer,9027.8,9016.9,9027.8,9027.8,9016.9,9027.8,click,perecer
16540488,19,,3000.1,3000.1,3000.1,3000.1,3000.1,3000.1,rawr,darle una limosna
16540488,19,timeout,10000.4,10000.4,10000.4,10000.4,10000.4,10000.4,timeout,darle una limosna
16540488,20,,2999.9,2999.9,2999.9,2999.9,2999.9,2999.9,rawr,monedas
16540488,20,monedas,7126.9,7116.9,7126.9,7126.9,7116.9,7126.9,click,monedas
16540488,21,,3000.1,3000.1,3000.1,3000.1,3000.1,3000.1,rawr,las caricias
16540488,21,las locuras,8194.3,8183.7,8194.3,8194.3,8183.7,8194.3,click,las caricias
16540488,22,,3000,3000,3000,3000,3000,3000,rawr,escondérmela
16540488,22,timeout,10000.3,10000.3,10000.3,10000.3,10000.3,10000.3,timeout,escondérmela
16540488,23,,3000.1,3000.1,3000.1,3000.1,3000.1,3000.1,rawr,Dios sabe dónde
16540488,23,Dios sabe dónde,5659.7,5650.1,5659.7,5659.7,5650.1,5659.7,click,Dios sabe dónde
16540488,24,,3000.1,3000.1,3000.1,3000.1,3000.1,3000.1,rawr,tuviste la culpa
16540488,24,sabes la gravedad,7127.4,7116.9,7127.4,7127.4,7116.9,7127.4,click,tuviste la culpa
16540488,25,,3000.1,3000.1,3000.1,3000.1,3000.1,3000.1,rawr,la cría de reses
16540488,25,el fomento de motines,8493.4,8483.7,8493.4,8493.4,8483.7,8493.4,click,la cría de reses
16540488,26,,3000,3000,3000,3000,3000,3000,rawr,del fallecimiento
16540488,26,del éxito,4177.7,4166.8,4177.7,4177.7,4166.8,4177.7,click,del fallecimiento
16540488,27,,3000.1,3000.1,3000.1,3000.1,3000.1,3000.1,rawr,llevarlo a cabo
16540488,27,llevarlo a cabo,9427.6,9416.9,9427.6,9427.6,9416.9,9427.6,click,llevarlo a cabo
16540488,28,,2999.8,2999.8,2999.8,2999.8,2999.8,2999.8,rawr,los naufragios
16540488,28,los naufragios,3427.9,3417.1,3427.9,3427.9,3417.1,3427.9,click,los naufragios
16540488,29,,3000.1,3000.1,3000.1,3000.1,3000.1,3000.1,rawr,aquel barrio
16540488,29,timeout,10000.3,10000.3,10000.3,10000.3,10000.3,10000.3,timeout,aquel barrio
16540488,30,,3000.1,3000.1,3000.1,3000.1,3000.1,3000.1,rawr,repartirlo
16540488,30,repartirlo,5093.4,5083.4,5093.4,5093.4,5083.4,5093.4,click,repartirlo
16540488,1,,9511.2,9500.4,9511.2,9511.2,9500.4,9511.2,,
16540488,1,,120004.3,120003.5,120004.3,120004.3,120003.5,120004.3,,
16540488,1,completado,24527.3,24517.5,24527.3,24527.3,24517.5,24527.3,click,cumplido
16540488,2,iniciara,12510.3,12500.3,12510.3,12510.3,12500.3,12510.3,click,iniciara
16540488,3,pedir,17061,17050.5,17061,17061,17050.5,17061,click,encargar
16540488,4,sirviera,14061.3,14050.5,14061.3,14061.3,14050.5,14061.3,click,sirviera
16540488,5,superar,10127.5,10116.6,10127.5,10127.5,10116.6,10127.5,click,superar
16540488,6,con,20578.1,20567.6,20578.1,20578.1,20567.6,20578.1,click,con
16540488,7,favor,12860.4,12850.6,12860.4,12860.4,12850.6,12860.4,click,poder
16540488,8,a,12693.6,12683.6,12693.6,12693.6,12683.6,12693.6,click,a
16540488,9,hubo,21711.5,21700.6,21711.5,21711.5,21700.6,21711.5,click,había
16540488,10,el que,12711,12700.4,12711,12711,12700.4,12711,click,lo que
16540488,11,intentado,16744.6,16733.7,16744.6,16744.6,16733.7,16744.6,click,tratado
16540488,12,restringido,7926.7,7917.1,7926.7,7926.7,7917.1,7926.7,click,restringido
16540488,13,darán,13144.4,13133.8,13144.4,13144.4,13133.8,13144.4,click,enseñarán
16540488,14,sobre,7559.8,7550.2,7559.8,7559.8,7550.2,7559.8,click,sobre
16540488,15,así,14194.2,14183.6,14194.2,14194.2,14183.6,14194.2,click,así
16540488,16,será,26844.8,26834.1,26844.8,26844.8,26834.1,26844.8,click,sea
16540488,17,aspectos,19011.7,19000.3,19011.7,19011.7,19000.3,19011.7,click,niveles
16540488,18,de,13311.2,13300.8,13311.2,13311.2,13300.8,13311.2,click,a
16540488,19,total,12360.8,12350.4,12360.8,12360.8,12350.4,12360.8,click,pleno
16540488,20,siguiente,32961.1,32951,32961.1,32961.1,32951,32961.1,click,próxima
16540488,,END,,,734973,,,,,
16540490,,BEGIN,,,,,,,,
16540490,1,,9989.3,9983.3,9989.3,9989.3,9983.3,9989.3,,
16540490,1,,2999.9,2999.9,2999.9,2999.9,2999.9,2999.9,rawr,desconsolado
16540490,1,alegre,2694.9,2683.4,2694.9,2694.9,2683.4,2694.9,click,desconsolado
16540490,2,,3000,3000,3000,3000,3000,3000,rawr,falta
16540490,2,falta,2294.4,2283.6,2294.4,2294.4,2283.6,2294.4,click,falta
16540490,3,,3000.2,3000.2,3000.2,3000.2,3000.2,3000.2,rawr,enfermo
16540490,3,enfermo,4309.4,4299.4,4309.4,4309.4,4299.4,4309.4,click,enfermo
16540490,4,,3000.2,3000.2,3000.2,3000.2,3000.2,3000.2,rawr,caliente
16540490,4,caliente,1318.8,1316.5,1318.8,1318.8,1316.5,1318.8,click,caliente
16540490,5,,3000.2,3000.2,3000.2,3000.2,3000.2,3000.2,rawr,ver
16540490,5,ver,2952.7,2949.9,2952.7,2952.7,2949.9,2952.7,click,ver
16540490,6,,2999.9,2999.9,2999.9,2999.9,2999.9,2999.9,rawr,salir de casa
16540490,6,salir de casa,1997.1,1983.4,1997.1,1997.1,1983.4,1997.1,click,salir de casa
16540490,7,,2999.9,2999.9,2999.9,2999.9,2999.9,2999.9,rawr,estrellas
16540490,7,estrellas,2258.9,2250,2258.9,2258.9,2250,2258.9,click,estrellas
16540490,8,,3000.1,3000.1,3000.1,3000.1,3000.1,3000.1,rawr,¿Qué tal?
16540490,8,¿Qué tal?,2633.4,2617.3,2633.4,2633.4,2617.3,2633.4,click,¿Qué tal?
16540490,9,,2999.4,2999.4,2999.4,2999.4,2999.4,2999.4,rawr,ladrar
16540490,9,ladrar,3033,3016.5,3033,3033,3016.5,3033,click,ladrar
16540490,10,,3000.6,3000.6,3000.6,3000.6,3000.6,3000.6,rawr,despertador
16540490,10,calendario,2043.6,2033.4,2043.6,2043.6,2033.4,2043.6,click,despertador
16540490,11,,2999.4,2999.4,2999.4,2999.4,2999.4,2999.4,rawr,aceite
16540490,11,permiso,3883.2,3866.6,3883.2,3883.2,3866.6,3883.2,click,aceite
16540490,12,,3000,3000,3000,3000,3000,3000,rawr,tomamos asiento
16540490,12,comenzamos a fumar,3425.8,3417.2,3425.8,3425.8,3417.2,3425.8,click,tomamos asiento
16540490,13,,2999.5,2999.5,2999.5,2999.5,2999.5,2999.5,rawr,cortarte
16540490,13,cortarte,2500.5,2483.6,2500.5,2500.5,2483.6,2500.5,click,cortarte
16540490,14,,2999.9,2999.9,2999.9,2999.9,2999.9,2999.9,rawr,patinar
16540490,14,timeout,10000,10000,10000,10000,10000,10000,timeout,patinar
16540490,15,,3000.1,3000.1,3000.1,3000.1,3000.1,3000.1,rawr,fuego
16540490,15,serpientes,4436,4433.2,4436,4436,4433.2,4436,click,fuego
16540490,16,,3000,3000,3000,3000,3000,3000,rawr,la noticia que deseaba
16540490,16,los ejemplos,5014.4,5000.5,5014.4,5014.4,5000.5,5014.4,click,la noticia que deseaba
16540490,17,,2999.5,2999.5,2999.5,2999.5,2999.5,2999.5,rawr,aliviar
16540490,17,aliviar,4239.8,4233.3,4239.8,4239.8,4233.3,4239.8,click,aliviar
16540490,18,,3000.1,3000.1,3000.1,3000.1,3000.1,3000.1,rawr,perecer
16540490,18,perecer,3168.3,3166.6,3168.3,3168.3,3166.6,3168.3,click,perecer
16540490,19,,3000.1,3000.1,3000.1,3000.1,3000.1,3000.1,rawr,darle una limosna
16540490,19,darle una limosna,4360.8,4350,4360.8,4360.8,4350,4360.8,click,darle una limosna
16540490,20,,2999.8,2999.8,2999.8,2999.8,2999.8,2999.8,rawr,monedas
16540490,20,monedas,4866,4850,4866,4866,4850,4866,click,monedas
16540490,21,,3000.1,3000.1,3000.1,3000.1,3000.1,3000.1,rawr,las caricias
16540490,21,las caricias,3733.1,3716.5,3733.1,3733.1,3716.5,3733.1,click,las caricias
16540490,22,,3000.4,3000.4,3000.4,3000.4,3000.4,3000.4,rawr,escondérmela
16540490,22,deshacérmela,9227.1,9216.4,9227.1,9227.1,9216.4,9227.1,click,escondérmela
16540490,23,,2999.9,2999.9,2999.9,2999.9,2999.9,2999.9,rawr,Dios sabe dónde
16540490,23,lleno de alboroto,7747.4,7733.9,7747.4,7747.4,7733.9,7747.4,click,Dios sabe dónde
16540490,24,,2999.6,2999.6,2999.6,2999.6,2999.6,2999.6,rawr,tuviste la culpa
16540490,24,tuviste la culpa,5890.9,5883.4,5890.9,5890.9,5883.4,5890.9,click,tuviste la culpa
16540490,25,,2999.9,2999.9,2999.9,2999.9,2999.9,2999.9,rawr,la cría de reses
16540490,25,la construcción de trampas,7578.2,7566.6,7578.2,7578.2,7566.6,7578.2,click,la cría de reses
16540490,26,,3000.1,3000.1,3000.1,3000.1,3000.1,3000.1,rawr,del fallecimiento
16540490,26,del éxito,4171.3,4166.6,4171.3,4171.3,4166.6,4171.3,click,del fallecimiento
16540490,27,,3000.3,3000.3,3000.3,3000.3,3000.3,3000.3,rawr,llevarlo a cabo
16540490,27,echarlo a un lado,5578.8,5566.6,5578.8,5578.8,5566.6,5578.8,click,llevarlo a cabo
16540490,28,,2999.8,2999.8,2999.8,2999.8,2999.8,2999.8,rawr,los naufragios
16540490,28,las playas,5902.8,5899.9,5902.8,5902.8,5899.9,5902.8,click,los naufragios
16540490,29,,3000,3000,3000,3000,3000,3000,rawr,aquel barrio
16540490,29,aquel barrio,4770.5,4766.7,4770.5,4770.5,4766.7,4770.5,click,aquel barrio
16540490,30,,3000,3000,3000,3000,3000,3000,rawr,repartirlo
16540490,30,conservarlo,4565,4550.5,4565,4565,4550.5,4565,click,repartirlo
16540490,1,,18504.8,18499.7,18504.8,18504.8,18499.7,18504.8,,
16540490,1,,120000.4,120000,120000.4,120000.4,120000,120000.4,,
16540490,1,cumplido,24322.8,24316.6,24322.8,24322.8,24316.6,24322.8,click,cumplido
16540490,2,inició,17593.7,17583.3,17593.7,17593.7,17583.3,17593.7,click,iniciara
16540490,3,pedir,11254.6,11250,11254.6,11254.6,11250,11254.6,click,encargar
16540490,4,sirviera,20341,20333.4,20341,20341,20333.4,20341,click,sirviera
16540490,5,superar,11057,11050,11057,11057,11050,11057,click,superar
16540490,6,por,17403,17400,17403,17403,17400,17403,click,con
16540490,7,favor,10591.6,10583.4,10591.6,10591.6,10583.4,10591.6,click,poder
16540490,8,a,8524.6,8516.8,8524.6,8524.6,8516.8,8524.6,click,a
16540490,9,había,20578.1,20566.8,20578.1,20578.1,20566.8,20578.1,click,había
16540490,10,lo que,19570.9,19566.6,19570.9,19570.9,19566.6,19570.9,click,lo que
16540490,11,intentado,15349.7,15333.3,15349.7,15349.7,15333.3,15349.7,click,tratado
16540490,12,restringido,14421.2,14417,14421.2,14421.2,14417,14421.2,click,restringido
16540490,13,enseñarán,10058,10049.4,10058,10058,10049.4,10058,click,enseñarán
16540490,14,sobre,7176.5,7167.2,7176.5,7176.5,7167.2,7176.5,click,sobre
16540490,15,así,14877.4,14866.5,14877.4,14877.4,14866.5,14877.4,click,así
16540490,16,será,10417,10400.1,10417,10417,10400.1,10417,click,sea
16540490,17,niveles,13228.2,13216.4,13228.2,13228.2,13216.4,13228.2,click,niveles
16540490,18,de,9885.5,9883.3,9885.5,9885.5,9883.3,9885.5,click,a
16540490,19,pleno,14189.1,14183.6,14189.1,14189.1,14183.6,14189.1,click,pleno
16540490,20,próxima,9418.5,9416.5,9418.5,9418.5,9416.5,9418.5,click,próxima
16540490,,END,,,648870,,,,,
16540492,,BEGIN,,,,,,,,
16540492,1,,12181.4,12175.5,12181.4,12181.4,12175.5,12181.4,,
16540492,1,,3000,3000,3000,3000,3000,3000,rawr,desconsolado
16540492,1,alegre,5330.3,5326.5,5330.3,5330.3,5326.5,5330.3,click,desconsolado
16540492,2,,3000.1,3000.1,3000.1,3000.1,3000.1,3000.1,rawr,falta
16540492,2,falta,2483.6,2479.2,2483.6,2483.6,2479.2,2483.6,click,falta
16540492,3,,3000,3000,3000,3000,3000,3000,rawr,enfermo
16540492,3,enfermo,4215.3,4208.4,4215.3,4215.3,4208.4,4215.3,click,enfermo
16540492,4,,3000.1,3000.1,3000.1,3000.1,3000.1,3000.1,rawr,caliente
16540492,4,caliente,2702.5,2701.4,2702.5,2702.5,2701.4,2702.5,click,caliente
16540492,5,,3000.1,3000.1,3000.1,3000.1,3000.1,3000.1,rawr,ver
16540492,5,ver,4582.8,4576.4,4582.8,4582.8,4576.4,4582.8,click,ver
16540492,6,,3000.1,3000.1,3000.1,3000.1,3000.1,3000.1,rawr,salir de casa
16540492,6,salir de casa,6604.2,6597.3,6604.2,6604.2,6597.3,6604.2,click,salir de casa
16540492,7,,3000.1,3000.1,3000.1,3000.1,3000.1,3000.1,rawr,estrellas
16540492,7,estrellas,3197.6,3194.5,3197.6,3197.6,3194.5,3197.6,click,estrellas
16540492,8,,3000.1,3000.1,3000.1,3000.1,3000.1,3000.1,rawr,¿Qué tal?
16540492,8,¿Qué tal?,3888.1,3882,3888.1,3888.1,3882,3888.1,click,¿Qué tal?
16540492,9,,3000.1,3000.1,3000.1,3000.1,3000.1,3000.1,rawr,ladrar
16540492,9,ladrar,5630.8,5625,5630.8,5630.8,5625,5630.8,click,ladrar
16540492,10,,3000.1,3000.1,3000.1,3000.1,3000.1,3000.1,rawr,despertador
16540492,10,calendario,8308.3,8305.7,8308.3,8308.3,8305.7,8308.3,click,despertador
16540492,11,,3000.1,3000.1,3000.1,3000.1,3000.1,3000.1,rawr,aceite
16540492,11,aceite,3966.4,3965.3,3966.4,3966.4,3965.3,3966.4,click,aceite
16540492,12,,3000.1,3000.1,3000.1,3000.1,3000.1,3000.1,rawr,tomamos asiento
16540492,12,tomamos asiento,5934.7,5930.6,5934.7,5934.7,5930.6,5934.7,click,tomamos asiento
16540492,13,,3000.1,3000.1,3000.1,3000.1,3000.1,3000.1,rawr,cortarte
16540492,13,cortarte,3056.8,3055.6,3056.8,3056.8,3055.6,3056.8,click,cortarte
16540492,14,,3000.1,3000.1,3000.1,3000.1,3000.1,3000.1,rawr,patinar
16540492,14,almorzar,8261.2,8257.1,8261.2,8261.2,8257.1,8261.2,click,patinar
16540492,15,,3000,3000,3000,3000,3000,3000,rawr,fuego
16540492,15,serpientes,7341.9,7340.4,7341.9,7341.9,7340.4,7341.9,click,fuego
16540492,16,,3000.1,3000.1,3000.1,3000.1,3000.1,3000.1,rawr,la noticia que deseaba
16540492,16,la noticia que deseaba,5356.9,5354.2,5356.9,5356.9,5354.2,5356.9,click,la noticia que deseaba
16540492,17,,3000.1,3000.1,3000.1,3000.1,3000.1,3000.1,rawr,aliviar
16540492,17,aliviar,9311.5,9305.7,9311.5,9311.5,9305.7,9311.5,click,aliviar
16540492,18,,3000,3000,3000,3000,3000,3000,rawr,perecer
16540492,18,perecer,6074.2,6069.6,6074.2,6074.2,6069.6,6074.2,click,perecer
16540492,19,,3000,3000,3000,3000,3000,3000,rawr,darle una limosna
16540492,19,timeout,10000.2,10000.2,10000.2,10000.2,10000.2,10000.2,timeout,darle una limosna
16540492,20,,3000.1,3000.1,3000.1,3000.1,3000.1,3000.1,rawr,monedas
16540492,20,monedas,4325,4319.5,4325,4325,4319.5,4325,click,monedas
16540492,21,,3000.1,3000.1,3000.1,3000.1,3000.1,3000.1,rawr,las caricias
16540492,21,los golpes,9797.3,9791.8,9797.3,9797.3,9791.8,9797.3,click,las caricias
16540492,22,,3000.1,3000.1,3000.1,3000.1,3000.1,3000.1,rawr,escondérmela
16540492,22,escondérmela,7296.9,7291.7,7296.9,7296.9,7291.7,7296.9,click,escondérmela
16540492,23,,3000.2,3000.2,3000.2,3000.2,3000.2,3000.2,rawr,Dios sabe dónde
16540492,23,en el fuego,6232.9,6229.2,6232.9,6232.9,6229.2,6232.9,click,Dios sabe dónde
16540492,24,,3000.1,3000.1,3000.1,3000.1,3000.1,3000.1,rawr,tuviste la culpa
16540492,24,tuviste la culpa,8889.4,8889,8889.4,8889.4,8889,8889.4,click,tuviste la culpa
16540492,25,,3000.1,3000.1,3000.1,3000.1,3000.1,3000.1,rawr,la cría de reses
16540492,25,la construcción de trampas,9571.2,9569.5,9571.2,9571.2,9569.5,9571.2,click,la cría de reses
16540492,26,,3000.1,3000.1,3000.1,3000.1,3000.1,3000.1,rawr,del fallecimiento
16540492,26,de la buena suerte,7907.2,7902.9,7907.2,7907.2,7902.9,7907.2,click,del fallecimiento
16540492,27,,3000.1,3000.1,3000.1,3000.1,3000.1,3000.1,rawr,llevarlo a cabo
16540492,27,rechazarlo,7046.9,7041.8,7046.9,7046.9,7041.8,7046.9,click,llevarlo a cabo
16540492,28,,3000.1,3000.1,3000.1,3000.1,3000.1,3000.1,rawr,los naufragios
16540492,28,los naufragios,9503.7,9500.2,9503.7,9503.7,9500.2,9503.7,click,los naufragios
16540492,29,,3000,3000,3000,3000,3000,3000,rawr,aquel barrio
16540492,29,aquel barrio,8312.4,8305.7,8312.4,8312.4,8305.7,8312.4,click,aquel barrio
16540492,30,,3000,3000,3000,3000,3000,3000,rawr,repartirlo
16540492,30,repartirlo,5316.6,5312.6,5316.6,5316.6,5312.6,5316.6,click,repartirlo
16540492,1,,25475.2,25472.7,25475.2,25475.2,25472.7,25475.2,,
16540492,1,,120002.4,120002.2,120002.4,120002.4,120002.2,120002.4,,
16540492,1,completado,20394,20389.3,20394,20394,20389.3,20394,click,cumplido
16540492,2,inició,15212.9,15208.6,15212.9,15212.9,15208.6,15212.9,click,iniciara
16540492,3,encargar,11713.7,11708.6,11713.7,11713.7,11708.6,11713.7,click,encargar
16540492,4,sirviera,10500.5,10500.1,10500.5,10500.5,10500.1,10500.5,click,sirviera
16540492,5,superar,19090.4,19083.7,19090.4,19090.4,19083.7,19090.4,click,superar
16540492,6,con,5868.1,5861.2,5868.1,5868.1,5861.2,5868.1,click,con
16540492,7,voluntad,42932.4,42931.4,42932.4,42932.4,42931.4,42932.4,click,poder
16540492,8,al,13542.7,13541.9,13542.7,13542.7,13541.9,13542.7,click,a
16540492,9,había,11584.5,11583.5,11584.5,11584.5,11583.5,11584.5,click,había
16540492,10,lo que,15654.6,15653,15654.6,15654.6,15653,15654.6,click,lo que
16540492,11,tratado,9173.8,9166.9,9173.8,9173.8,9166.9,9173.8,click,tratado
16540492,12,restringido,23513.2,23507.4,23513.2,23513.2,23507.4,23513.2,click,restringido
16540492,13,dirán,27689.8,27688,27689.8,27689.8,27688,27689.8,click,enseñarán
16540492,14,para,12511.7,12507.1,12511.7,12511.7,12507.1,12511.7,click,sobre
16540492,15,así,14542.5,14542,14542.5,14542.5,14542,14542.5,click,así
16540492,16,será,6696.8,6694.6,6696.8,6696.8,6694.6,6696.8,click,sea
16540492,17,niveles,38445.6,38445.1,38445.6,38445.6,38445.1,38445.6,click,niveles
16540492,18,a,23425.9,23424,23425.9,23425.9,23424,23425.9,click,a
16540492,19,pleno,12346.7,12340.5,12346.7,12346.7,12340.5,12346.7,click,pleno
16540492,20,próxima,6689,6687.6,6689,6689,6687.6,6689,click,próxima
16540492,,END,,,775914,,,,,
16540493,,BEGIN,,,,,,,,
16540493,1,,22180.8,22168.4,22180.8,22180.8,22168.4,22180.8,,
16540493,1,,3000.2,3000.2,3000.2,3000.2,3000.2,3000.2,rawr,desconsolado
16540493,1,fatigado,6089.8,6083.9,6089.8,6089.8,6083.9,6089.8,click,desconsolado
16540493,2,,3000.2,3000.2,3000.2,3000.2,3000.2,3000.2,rawr,falta
16540493,2,falta,2221.1,2216.9,2221.1,2221.1,2216.9,2221.1,click,falta
16540493,3,,3000.3,3000.3,3000.3,3000.3,3000.3,3000.3,rawr,enfermo
16540493,3,enfermo,4783.6,4767,4783.6,4783.6,4767,4783.6,click,enfermo
16540493,4,,3000.3,3000.3,3000.3,3000.3,3000.3,3000.3,rawr,caliente
16540493,4,caliente,2817,2800.2,2817,2817,2800.2,2817,click,caliente
16540493,5,,3000.2,3000.2,3000.2,3000.2,3000.2,3000.2,rawr,ver
16540493,5,ver,4550.4,4533.7,4550.4,4550.4,4533.7,4550.4,click,ver
16540493,6,,3000.2,3000.2,3000.2,3000.2,3000.2,3000.2,rawr,salir de casa
16540493,6,salir de casa,3036.7,3033.7,3036.7,3036.7,3033.7,3036.7,click,salir de casa
16540493,7,,3000.1,3000.1,3000.1,3000.1,3000.1,3000.1,rawr,estrellas
16540493,7,estrellas,4159.2,4150.4,4159.2,4159.2,4150.4,4159.2,click,estrellas
16540493,8,,3000.2,3000.2,3000.2,3000.2,3000.2,3000.2,rawr,¿Qué tal?
16540493,8,¿Qué tal?,4633.4,4617,4633.4,4633.4,4617,4633.4,click,¿Qué tal?
16540493,9,,3000.3,3000.3,3000.3,3000.3,3000.3,3000.3,rawr,ladrar
16540493,9,olor,5750.2,5733.8,5750.2,5750.2,5733.8,5750.2,click,ladrar
16540493,10,,3000.2,3000.2,3000.2,3000.2,3000.2,3000.2,rawr,despertador
16540493,10,despertador,4381.7,4367.1,4381.7,4381.7,4367.1,4381.7,click,despertador
16540493,11,,3000.2,3000.2,3000.2,3000.2,3000.2,3000.2,rawr,aceite
16540493,11,aceite,3477.9,3466.9,3477.9,3477.9,3466.9,3477.9,click,aceite
16540493,12,,3000.3,3000.3,3000.3,3000.3,3000.3,3000.3,rawr,tomamos asiento
16540493,12,tomamos asiento,6221,6217.2,6221,6221,6217.2,6221,click,tomamos asiento
16540493,13,,3000.2,3000.2,3000.2,3000.2,3000.2,3000.2,rawr,cortarte
16540493,13,cortarte,2000.2,1983.5,2000.2,2000.2,1983.5,2000.2,click,cortarte
16540493,14,,3000.2,3000.2,3000.2,3000.2,3000.2,3000.2,rawr,patinar
16540493,14,patinar,5782.7,5767.1,5782.7,5782.7,5767.1,5782.7,click,patinar
16540493,15,,3000.3,3000.3,3000.3,3000.3,3000.3,3000.3,rawr,fuego
16540493,15,serpientes,3370.4,3367,3370.4,3370.4,3367,3370.4,click,fuego
16540493,16,,3000.2,3000.2,3000.2,3000.2,3000.2,3000.2,rawr,la noticia que deseaba
16540493,16,los ejemplos,4469.7,4467.1,4469.7,4469.7,4467.1,4469.7,click,la noticia que deseaba
16540493,17,,3000.1,3000.1,3000.1,3000.1,3000.1,3000.1,rawr,aliviar
16540493,17,aliviar,5499.2,5483.8,5499.2,5499.2,5483.8,5499.2,click,aliviar
16540493,18,,3000.2,3000.2,3000.2,3000.2,3000.2,3000.2,rawr,perecer
16540493,18,acabar,5542.6,5533.9,5542.6,5542.6,5533.9,5542.6,click,perecer
16540493,19,,3000.2,3000.2,3000.2,3000.2,3000.2,3000.2,rawr,darle una limosna
16540493,19,darle una limosna,5129,5117.1,5129,5129,5117.1,5129,click,darle una limosna
16540493,20,,3000.2,3000.2,3000.2,3000.2,3000.2,3000.2,rawr,monedas
16540493,20,monedas,3823.9,3817,3823.9,3823.9,3817,3823.9,click,monedas
16540493,21,,3000.2,3000.2,3000.2,3000.2,3000.2,3000.2,rawr,las caricias
16540493,21,las caricias,5591.8,5583.8,5591.8,5591.8,5583.8,5591.8,click,las caricias
16540493,22,,3000.3,3000.3,3000.3,3000.3,3000.3,3000.3,rawr,escondérmela
16540493,22,dejármela,4662.1,4650.3,4662.1,4662.1,4650.3,4662.1,click,escondérmela
16540493,23,,3000.3,3000.3,3000.3,3000.3,3000.3,3000.3,rawr,Dios sabe dónde
16540493,23,en el fuego,5536.7,5533.7,5536.7,5536.7,5533.7,5536.7,click,Dios sabe dónde
16540493,24,,3000.3,3000.3,3000.3,3000.3,3000.3,3000.3,rawr,tuviste la culpa
16540493,24,eres testigo,4745.3,4733.7,4745.3,4745.3,4733.7,4745.3,click,tuviste la culpa
16540493,25,,3000.3,3000.3,3000.3,3000.3,3000.3,3000.3,rawr,la cría de reses
16540493,25,la cría de reses,4139.3,4133.6,4139.3,4139.3,4133.6,4139.3,click,la cría de reses
16540493,26,,3000.2,3000.2,3000.2,3000.2,3000.2,3000.2,rawr,del fallecimiento
16540493,26,de la buena suerte,7079.5,7067.3,7079.5,7079.5,7067.3,7079.5,click,del fallecimiento
16540493,27,,3000.3,3000.3,3000.3,3000.3,3000.3,3000.3,rawr,llevarlo a cabo
16540493,27,echarlo a un lado,5431,5417,5431,5431,5417,5431,click,llevarlo a cabo
16540493,28,,3000.3,3000.3,3000.3,3000.3,3000.3,3000.3,rawr,los naufragios
16540493,28,las playas,2675.5,2666.9,2675.5,2675.5,2666.9,2675.5,click,los naufragios
16540493,29,,3000.2,3000.2,3000.2,3000.2,3000.2,3000.2,rawr,aquel barrio
16540493,29,el callejeo,4454.1,4450.3,4454.1,4454.1,4450.3,4454.1,click,aquel barrio
16540493,30,,3000.3,3000.3,3000.3,3000.3,3000.3,3000.3,rawr,repartirlo
16540493,30,hojearlo,5450.5,5433.8,5450.5,5450.5,5433.8,5450.5,click,repartirlo
16540493,1,,10507.4,10500.8,10507.4,10507.4,10500.8,10507.4,,
16540493,1,,61347.2,61338.2,61347.2,61347.2,61338.2,61347.2,,
16540493,1,terminado,17364.9,17351.5,17364.9,17364.9,17351.5,17364.9,click,cumplido
16540493,2,iniciara,9567.3,9550.7,9567.3,9567.3,9550.7,9567.3,click,iniciara
16540493,3,encargar,15344.2,15334.6,15344.2,15344.2,15334.6,15344.2,click,encargar
16540493,4,sirviera,6492.7,6483.8,6492.7,6492.7,6483.8,6492.7,click,sirviera
16540493,5,acabar,6621.8,6617.3,6621.8,6621.8,6617.3,6621.8,click,superar
16540493,6,por,8925.9,8917.3,8925.9,8925.9,8917.3,8925.9,click,con
16540493,7,favor,10140.2,10134.2,10140.2,10140.2,10134.2,10140.2,click,poder
16540493,8,a,5854.1,5850.4,5854.1,5854.1,5850.4,5854.1,click,a
16540493,9,hubo,7150.6,7134,7150.6,7150.6,7134,7150.6,click,había
16540493,10,lo que,9432.4,9417.4,9432.4,9432.4,9417.4,9432.4,click,lo que
16540493,11,intentado,7063.4,7050.6,7063.4,7063.4,7050.6,7063.4,click,tratado
16540493,12,restringido,7177.7,7167.2,7177.7,7177.7,7167.2,7177.7,click,restringido
16540493,13,enseñarán,9506.6,9500.7,9506.6,9506.6,9500.7,9506.6,click,enseñarán
16540493,14,sobre,4198.5,4183.7,4198.5,4198.5,4183.7,4198.5,click,sobre
16540493,15,ya,22643.9,22635.2,22643.9,22643.9,22635.2,22643.9,click,así
16540493,16,será,4329.8,4317.1,4329.8,4329.8,4317.1,4329.8,click,sea
16540493,17,niveles,11164.8,11150.8,11164.8,11164.8,11150.8,11164.8,click,niveles
16540493,18,para,5533.8,5517.1,5533.8,5533.8,5517.1,5533.8,click,a
16540493,19,total,6400.6,6383.9,6400.6,6400.6,6383.9,6400.6,click,pleno
16540493,20,próxima,4566.5,4550.4,4566.5,4566.5,4550.4,4566.5,click,próxima
16540493,,END,,,500344,,,,,
16540495,,BEGIN,,,,,,,,
16540495,1,,9689.7,9682.6,9689.7,9689.7,9682.6,9689.7,,
16540495,1,,2999.9,2999.9,2999.9,2999.9,2999.9,2999.9,rawr,desconsolado
16540495,1,desconsolado,6117.7,6116.2,6117.7,6117.7,6116.2,6117.7,click,desconsolado
16540495,2,,2999.8,2999.8,2999.8,2999.8,2999.8,2999.8,rawr,falta
16540495,2,falta,3633.2,3616.5,3633.2,3633.2,3616.5,3633.2,click,falta
16540495,3,,2999.8,2999.8,2999.8,2999.8,2999.8,2999.8,rawr,enfermo
16540495,3,enfermo,5471.8,5466.3,5471.8,5471.8,5466.3,5471.8,click,enfermo
16540495,4,,2999.8,2999.8,2999.8,2999.8,2999.8,2999.8,rawr,caliente
16540495,4,caliente,2066.5,2049.9,2066.5,2066.5,2049.9,2066.5,click,caliente
16540495,5,,2999.8,2999.8,2999.8,2999.8,2999.8,2999.8,rawr,ver
16540495,5,ver,4687.5,4683.2,4687.5,4687.5,4683.2,4687.5,click,ver
16540495,6,,2999.7,2999.7,2999.7,2999.7,2999.7,2999.7,rawr,salir de casa
16540495,6,leer las noticias,6133,6116.3,6133,6133,6116.3,6133,click,salir de casa
16540495,7,,2999.9,2999.9,2999.9,2999.9,2999.9,2999.9,rawr,estrellas
16540495,7,estrellas,3024.6,3016.4,3024.6,3024.6,3016.4,3024.6,click,estrellas
16540495,8,,2999.8,2999.8,2999.8,2999.8,2999.8,2999.8,rawr,¿Qué tal?
16540495,8,¿Qué tal?,5681.4,5666.3,5681.4,5681.4,5666.3,5681.4,click,¿Qué tal?
16540495,9,,2999.9,2999.9,2999.9,2999.9,2999.9,2999.9,rawr,ladrar
16540495,9,ladrar,4534.6,4533,4534.6,4534.6,4533,4534.6,click,ladrar
16540495,10,,2999.8,2999.8,2999.8,2999.8,2999.8,2999.8,rawr,despertador
16540495,10,despertador,7037.8,7032.9,7037.8,7037.8,7032.9,7037.8,click,despertador
16540495,11,,3000.4,3000.4,3000.4,3000.4,3000.4,3000.4,rawr,aceite
16540495,11,aceite,5986.5,5982.5,5986.5,5986.5,5982.5,5986.5,click,aceite
16540495,12,,2999.8,2999.8,2999.8,2999.8,2999.8,2999.8,rawr,tomamos asiento
16540495,12,tomamos asiento,6673.9,6666.3,6673.9,6673.9,6666.3,6673.9,click,tomamos asiento
16540495,13,,2999.8,2999.8,2999.8,2999.8,2999.8,2999.8,rawr,cortarte
16540495,13,cortarte,3175.4,3166.4,3175.4,3175.4,3166.4,3175.4,click,cortarte
16540495,14,,2999.7,2999.7,2999.7,2999.7,2999.7,2999.7,rawr,patinar
16540495,14,patinar,6364.8,6349.7,6364.8,6364.8,6349.7,6364.8,click,patinar
16540495,15,,2999.9,2999.9,2999.9,2999.9,2999.9,2999.9,rawr,fuego
16540495,15,serpientes,7901.8,7900.2,7901.8,7901.8,7900.2,7901.8,click,fuego
16540495,16,,2999.2,2999.2,2999.2,2999.2,2999.2,2999.2,rawr,la noticia que deseaba
16540495,16,la noticia que deseaba,6747,6732.8,6747,6747,6732.8,6747,click,la noticia que deseaba
16540495,17,,3000,3000,3000,3000,3000,3000,rawr,aliviar
16540495,17,aliviar,6889.5,6882.7,6889.5,6889.5,6882.7,6889.5,click,aliviar
16540495,18,,2999.9,2999.9,2999.9,2999.9,2999.9,2999.9,rawr,perecer
16540495,18,perecer,6388.5,6382.8,6388.5,6388.5,6382.8,6388.5,click,perecer
16540495,19,,3000.4,3000.4,3000.4,3000.4,3000.4,3000.4,rawr,darle una limosna
16540495,19,pegarle,7215.1,7199,7215.1,7215.1,7199,7215.1,click,darle una limosna
16540495,20,,2999.8,2999.8,2999.8,2999.8,2999.8,2999.8,rawr,monedas
16540495,20,monedas,4393.6,4383.1,4393.6,4393.6,4383.1,4393.6,click,monedas
16540495,21,,3000,3000,3000,3000,3000,3000,rawr,las caricias
16540495,21,las caricias,5747.4,5732.9,5747.4,5747.4,5732.9,5747.4,click,las caricias
16540495,22,,2999.8,2999.8,2999.8,2999.8,2999.8,2999.8,rawr,escondérmela
16540495,22,escondérmela,7091.2,7082.9,7091.2,7091.2,7082.9,7091.2,click,escondérmela
16540495,23,,2999.8,2999.8,2999.8,2999.8,2999.8,2999.8,rawr,Dios sabe dónde
16540495,23,en el fuego,7656.2,7649.5,7656.2,7656.2,7649.5,7656.2,click,Dios sabe dónde
16540495,24,,2999.9,2999.9,2999.9,2999.9,2999.9,2999.9,rawr,tuviste la culpa
16540495,24,tuviste la culpa,6682,6666.2,6682,6682,6666.2,6682,click,tuviste la culpa
16540495,25,,2999.8,2999.8,2999.8,2999.8,2999.8,2999.8,rawr,la cría de reses
16540495,25,el fomento de motines,8043.2,8032.8,8043.2,8043.2,8032.8,8043.2,click,la cría de reses
16540495,26,,2999.8,2999.8,2999.8,2999.8,2999.8,2999.8,rawr,del fallecimiento
16540495,26,del fallecimiento,6585.9,6583,6585.9,6585.9,6583,6585.9,click,del fallecimiento
16540495,27,,2999.8,2999.8,2999.8,2999.8,2999.8,2999.8,rawr,llevarlo a cabo
16540495,27,llevarlo a cabo,5689.8,5683,5689.8,5689.8,5683,5689.8,click,llevarlo a cabo
16540495,28,,2999.9,2999.9,2999.9,2999.9,2999.9,2999.9,rawr,los naufragios
16540495,28,los naufragios,7171,7166.1,7171,7171,7166.1,7171,click,los naufragios
16540495,29,,2999.9,2999.9,2999.9,2999.9,2999.9,2999.9,rawr,aquel barrio
16540495,29,aquel barrio,6257,6249.5,6257,6257,6249.5,6257,click,aquel barrio
16540495,30,,3000,3000,3000,3000,3000,3000,rawr,repartirlo
16540495,30,repartirlo,7064.7,7049.6,7064.7,7064.7,7049.6,7064.7,click,repartirlo
16540495,1,,13088.9,13082.8,13088.9,13088.9,13082.8,13088.9,,
16540495,1,,119994,119992.3,119994,119994,119992.3,119994,,
16540495,1,cumplido,31159.5,31148,31159.5,31159.5,31148,31159.5,click,cumplido
16540495,2,iniciara,15476.1,15465.8,15476.1,15476.1,15465.8,15476.1,click,iniciara
16540495,3,encargar,14211.9,14199.1,14211.9,14211.9,14199.1,14211.9,click,encargar
16540495,4,hubiera servido,9466.2,9449.5,9466.2,9466.2,9449.5,9466.2,click,sirviera
16540495,5,superar,12994.5,12982.4,12994.5,12994.5,12982.4,12994.5,click,superar
16540495,6,con,21304.5,21298.8,21304.5,21304.5,21298.8,21304.5,click,con
16540495,7,poder,13972.2,13965.7,13972.2,13972.2,13965.7,13972.2,click,poder
16540495,8,a,11858.6,11849.4,11858.6,11858.6,11849.4,11858.6,click,a
16540495,9,había,7914.6,7899.5,7914.6,7914.6,7899.5,7914.6,click,había
16540495,10,lo que,9114.2,9099.5,9114.2,9114.2,9099.5,9114.2,click,lo que
16540495,11,tratado,12954.9,12949.1,12954.9,12954.9,12949.1,12954.9,click,tratado
16540495,12,escaso,27444.5,27431.7,27444.5,27444.5,27431.7,27444.5,click,restringido
16540495,13,darán,14528,14515.7,14528,14528,14515.7,14528,click,enseñarán
16540495,14,para,30168.1,30164.9,30168.1,30168.1,30164.9,30168.1,click,sobre
16540495,15,para,10852.3,10849.3,10852.3,10852.3,10849.3,10852.3,click,así
16540495,16,sea,14518.4,14515.8,14518.4,14518.4,14515.8,14518.4,click,sea
16540495,17,niveles,14117.9,14116,14117.9,14117.9,14116,14117.9,click,niveles
16540495,18,para,8512.5,8499.3,8512.5,8512.5,8499.3,8512.5,click,a
16540495,19,entero,12146.9,12132.6,12146.9,12146.9,12132.6,12146.9,click,pleno
16540495,20,próxima,7926.3,7916.2,7926.3,7926.3,7916.2,7926.3,click,próxima
16540495,,END,,,710990,,,,,
16540496,,BEGIN,,,,,,,,
16540496,1,,9311.884,9299.984,9311.884,9311.884,9299.984,9311.884,,
16540496,1,,3000,3000,3000,3000,3000,3000,rawr,desconsolado
16540496,1,desconsolado,3371.2,3366.7,3371.2,3371.2,3366.7,3371.2,click,desconsolado
16540496,2,,3000.1,3000.1,3000.1,3000.1,3000.1,3000.1,rawr,falta
16540496,2,falta,3365.4,3349.8,3365.4,3365.4,3349.8,3365.4,click,falta
16540496,3,,3000.1,3000.1,3000.1,3000.1,3000.1,3000.1,rawr,enfermo
16540496,3,enfermo,2055.3,2050.3,2055.3,2055.3,2050.3,2055.3,click,enfermo
16540496,4,,2999.8,2999.8,2999.8,2999.8,2999.8,2999.8,rawr,caliente
16540496,4,caliente,1595.7,1583.1,1595.7,1595.7,1583.1,1595.7,click,caliente
16540496,5,,3000.2,3000.2,3000.2,3000.2,3000.2,3000.2,rawr,ver
16540496,5,ver,1541.9,1533.3,1541.9,1541.9,1533.3,1541.9,click,ver
16540496,6,,3000,3000,3000,3000,3000,3000,rawr,salir de casa
16540496,6,salir de casa,3456,3449.9,3456,3456,3449.9,3456,click,salir de casa
16540496,7,,3000.1,3000.1,3000.1,3000.1,3000.1,3000.1,rawr,estrellas
16540496,7,estrellas,1814.2,1799.9,1814.2,1814.2,1799.9,1814.2,click,estrellas
16540496,8,,3000.1,3000.1,3000.1,3000.1,3000.1,3000.1,rawr,¿Qué tal?
16540496,8,¿Qué tal?,3438.7,3433.7,3438.7,3438.7,3433.7,3438.7,click,¿Qué tal?
16540496,9,,2999.9,2999.9,2999.9,2999.9,2999.9,2999.9,rawr,ladrar
16540496,9,ladrar,3180.8,3166.3,3180.8,3180.8,3166.3,3180.8,click,ladrar
16540496,10,,3000.2,3000.2,3000.2,3000.2,3000.2,3000.2,rawr,despertador
16540496,10,despertador,2605.8,2599.8,2605.8,2605.8,2599.8,2605.8,click,despertador
16540496,11,,3000.2,3000.2,3000.2,3000.2,3000.2,3000.2,rawr,aceite
16540496,11,aceite,1750.1,1733.3,1750.1,1750.1,1733.3,1750.1,click,aceite
16540496,12,,2999.8,2999.8,2999.8,2999.8,2999.8,2999.8,rawr,tomamos asiento
16540496,12,tomamos asiento,2361.3,2350,2361.3,2361.3,2350,2361.3,click,tomamos asiento
16540496,13,,3000.4,3000.4,3000.4,3000.4,3000.4,3000.4,rawr,cortarte
16540496,13,cortarte,1425.9,1416.2,1425.9,1425.9,1416.2,1425.9,click,cortarte
16540496,14,,3000.2,3000.2,3000.2,3000.2,3000.2,3000.2,rawr,patinar
16540496,14,charlar,2362.1,2350.4,2362.1,2362.1,2350.4,2362.1,click,patinar
16540496,15,,2999.8,2999.8,2999.8,2999.8,2999.8,2999.8,rawr,fuego
16540496,15,fuego,4563.8,4549.7,4563.8,4563.8,4549.7,4563.8,click,fuego
16540496,16,,3000,3000,3000,3000,3000,3000,rawr,la noticia que deseaba
16540496,16,la noticia que deseaba,3438.3,3433.5,3438.3,3438.3,3433.5,3438.3,click,la noticia que deseaba
16540496,17,,3000.1,3000.1,3000.1,3000.1,3000.1,3000.1,rawr,aliviar
16540496,17,aliviar,2797.5,2783.1,2797.5,2797.5,2783.1,2797.5,click,aliviar
16540496,18,,2999.9,2999.9,2999.9,2999.9,2999.9,2999.9,rawr,perecer
16540496,18,acabar,3486.3,3483.5,3486.3,3486.3,3483.5,3486.3,click,perecer
16540496,19,,2999.9,2999.9,2999.9,2999.9,2999.9,2999.9,rawr,darle una limosna
16540496,19,darle una limosna,3306.6,3300,3306.6,3306.6,3300,3306.6,click,darle una limosna
16540496,20,,3000.3,3000.3,3000.3,3000.3,3000.3,3000.3,rawr,monedas
16540496,20,monedas,2053.9,2049.7,2053.9,2053.9,2049.7,2053.9,click,monedas
16540496,21,,3000,3000,3000,3000,3000,3000,rawr,las caricias
16540496,21,las caricias,2764.4,2750.2,2764.4,2764.4,2750.2,2764.4,click,las caricias
16540496,22,,2999.8,2999.8,2999.8,2999.8,2999.8,2999.8,rawr,escondérmela
16540496,22,escondérmela,2958.5,2950.2,2958.5,2958.5,2950.2,2958.5,click,escondérmela
16540496,23,,2999.9,2999.9,2999.9,2999.9,2999.9,2999.9,rawr,Dios sabe dónde
16540496,23,en el fuego,1864,1849.9,1864,1864,1849.9,1864,click,Dios sabe dónde
16540496,24,,3000.1,3000.1,3000.1,3000.1,3000.1,3000.1,rawr,tuviste la culpa
16540496,24,tuviste la culpa,3982.7,3966.5,3982.7,3982.7,3966.5,3982.7,click,tuviste la culpa
16540496,25,,3000.1,3000.1,3000.1,3000.1,3000.1,3000.1,rawr,la cría de reses
16540496,25,la cría de reses,5279.4,5267,5279.4,5279.4,5267,5279.4,click,la cría de reses
16540496,26,,2999.6,2999.6,2999.6,2999.6,2999.6,2999.6,rawr,del fallecimiento
16540496,26,del fallecimiento,2405.4,2400.1,2405.4,2405.4,2400.1,2405.4,click,del fallecimiento
16540496,27,,2999.9,2999.9,2999.9,2999.9,2999.9,2999.9,rawr,llevarlo a cabo
16540496,27,llevarlo a cabo,3060.6,3050.2,3060.6,3060.6,3050.2,3060.6,click,llevarlo a cabo
16540496,28,,3000,3000,3000,3000,3000,3000,rawr,los naufragios
16540496,28,los peces,4947.3,4933.3,4947.3,4947.3,4933.3,4947.3,click,los naufragios
16540496,29,,2999.8,2999.8,2999.8,2999.8,2999.8,2999.8,rawr,aquel barrio
16540496,29,aquel barrio,2773.4,2766.7,2773.4,2773.4,2766.7,2773.4,click,aquel barrio
16540496,30,,3000,3000,3000,3000,3000,3000,rawr,repartirlo
16540496,30,repartirlo,2743.5,2733.5,2743.5,2743.5,2733.5,2743.5,click,repartirlo
16540496,1,,20456.1,20449.7,20456.1,20456.1,20449.7,20456.1,,
16540496,1,,120002.1,120000.2,120002.1,120002.1,120000.2,120002.1,,
16540496,1,cumplido,9919.2,9916.6,9919.2,9919.2,9916.6,9919.2,click,cumplido
16540496,2,iniciara,7354.5,7350.1,7354.5,7354.5,7350.1,7354.5,click,iniciara
16540496,3,mandar,9556.6,9550,9556.6,9556.6,9550,9556.6,click,encargar
16540496,4,sirviera,22223,22216.6,22223,22223,22216.6,22223,click,sirviera
16540496,5,superar,7366.2,7350.1,7366.2,7366.2,7350.1,7366.2,click,superar
16540496,6,con,14176.6,14166.9,14176.6,14176.6,14166.9,14176.6,click,con
16540496,7,poder,11417.2,11400.1,11417.2,11417.2,11400.1,11417.2,click,poder
16540496,8,a,6281,6266.4,6281,6281,6266.4,6281,click,a
16540496,9,había,15701.7,15699.8,15701.7,15701.7,15699.8,15701.7,click,había
16540496,10,el que,16859.1,16850.2,16859.1,16859.1,16850.2,16859.1,click,lo que
16540496,11,tratado,13057.3,13050,13057.3,13057.3,13050,13057.3,click,tratado
16540496,12,restringido,9886.3,9883.2,9886.3,9886.3,9883.2,9886.3,click,restringido
16540496,13,enseñarán,8868.5,8866.8,8868.5,8868.5,8866.8,8868.5,click,enseñarán
16540496,14,sobre,7632.7,7616.5,7632.7,7632.7,7616.5,7632.7,click,sobre
16540496,15,así,9792.7,9783.6,9792.7,9792.7,9783.6,9792.7,click,así
16540496,16,sea,5160.9,5150,5160.9,5160.9,5150,5160.9,click,sea
16540496,17,casos,16019.6,16016.5,16019.6,16019.6,16016.5,16019.6,click,niveles
16540496,18,a,10354.2,10349.9,10354.2,10354.2,10349.9,10354.2,click,a
16540496,19,total,5340.5,5333.4,5340.5,5340.5,5333.4,5340.5,click,pleno
16540496,20,próxima,9366.2,9349.9,9366.2,9366.2,9349.9,9366.2,click,próxima
16540496,,END,,,542343,,,,,
16540500,,BEGIN,,,,,,,,
16540500,1,,141425.19,141408.49,141425.19,141425.19,141408.49,141425.19,,
16540500,1,,2999.8,2999.8,2999.8,2999.8,2999.8,2999.8,rawr,desconsolado
16540500,1,alegre,3348.2,3333,3348.2,3348.2,3333,3348.2,click,desconsolado
16540500,2,,3000.1,3000.1,3000.1,3000.1,3000.1,3000.1,rawr,falta
16540500,2,falta,2558.7,2551.6,2558.7,2558.7,2551.6,2558.7,click,falta
16540500,3,,2998,2998,2998,2998,2998,2998,rawr,enfermo
16540500,3,enfermo,1499.9,1483.2,1499.9,1499.9,1483.2,1499.9,click,enfermo
16540500,4,,2999.8,2999.8,2999.8,2999.8,2999.8,2999.8,rawr,caliente
16540500,4,caliente,1157.6,1149.9,1157.6,1157.6,1149.9,1157.6,click,caliente
16540500,5,,2999.9,2999.9,2999.9,2999.9,2999.9,2999.9,rawr,ver
16540500,5,ver,2891.1,2885.4,2891.1,2891.1,2885.4,2891.1,click,ver
16540500,6,,2997.6,2997.6,2997.6,2997.6,2997.6,2997.6,rawr,salir de casa
16540500,6,salir de casa,1465.2,1449.9,1465.2,1465.2,1449.9,1465.2,click,salir de casa
16540500,7,,3000,3000,3000,3000,3000,3000,rawr,estrellas
16540500,7,estrellas,2542,2533.2,2542,2542,2533.2,2542,click,estrellas
16540500,8,,2999.8,2999.8,2999.8,2999.8,2999.8,2999.8,rawr,¿Qué tal?
16540500,8,¿Qué va?,3558.6,3549.9,3558.6,3558.6,3549.9,3558.6,click,¿Qué tal?
16540500,9,,2999.8,2999.8,2999.8,2999.8,2999.8,2999.8,rawr,ladrar
16540500,9,ladrar,2707.1,2699.8,2707.1,2707.1,2699.8,2707.1,click,ladrar
16540500,10,,2999.7,2999.7,2999.7,2999.7,2999.7,2999.7,rawr,despertador
16540500,10,despertador,3407.6,3400.1,3407.6,3407.6,3400.1,3407.6,click,despertador
16540500,11,,2999.7,2999.7,2999.7,2999.7,2999.7,2999.7,rawr,aceite
16540500,11,aceite,4002.7,4000.5,4002.7,4002.7,4000.5,4002.7,click,aceite
16540500,12,,2999,2999,2999,2999,2999,2999,rawr,tomamos asiento
16540500,12,comenzamos a fumar,4016.4,3999.8,4016.4,4016.4,3999.8,4016.4,click,tomamos asiento
16540500,13,,2999.7,2999.7,2999.7,2999.7,2999.7,2999.7,rawr,cortarte
16540500,13,cortarte,1065.1,1050.2,1065.1,1065.1,1050.2,1065.1,click,cortarte
16540500,14,,2999.6,2999.6,2999.6,2999.6,2999.6,2999.6,rawr,patinar
16540500,14,almorzar,2673.6,2666.7,2673.6,2673.6,2666.7,2673.6,click,patinar
16540500,15,,2999.9,2999.9,2999.9,2999.9,2999.9,2999.9,rawr,fuego
16540500,15,fuego,2824.9,2816.2,2824.9,2824.9,2816.2,2824.9,click,fuego
16540500,16,,3000,3000,3000,3000,3000,3000,rawr,la noticia que deseaba
16540500,16,el periódico perdido,3758,3749.6,3758,3758,3749.6,3758,click,la noticia que deseaba
16540500,17,,3000,3000,3000,3000,3000,3000,rawr,aliviar
16540500,17,aliviar,3227.7,3216.4,3227.7,3227.7,3216.4,3227.7,click,aliviar
16540500,18,,3000,3000,3000,3000,3000,3000,rawr,perecer
16540500,18,acabar,2616.2,2599.7,2616.2,2616.2,2599.7,2616.2,click,perecer
16540500,19,,3000,3000,3000,3000,3000,3000,rawr,darle una limosna
16540500,19,pegarle,3305.5,3300.9,3305.5,3305.5,3300.9,3305.5,click,darle una limosna
16540500,20,,2998.6,2998.6,2998.6,2998.6,2998.6,2998.6,rawr,monedas
16540500,20,monedas,1979.1,1966.5,1979.1,1979.1,1966.5,1979.1,click,monedas
16540500,21,,3000.1,3000.1,3000.1,3000.1,3000.1,3000.1,rawr,las caricias
16540500,21,los golpes,3216,3199.6,3216,3216,3199.6,3216,click,las caricias
16540500,22,,2999.9,2999.9,2999.9,2999.9,2999.9,2999.9,rawr,escondérmela
16540500,22,deshacérmela,3988.3,3983.1,3988.3,3988.3,3983.1,3988.3,click,escondérmela
16540500,23,,2999.9,2999.9,2999.9,2999.9,2999.9,2999.9,rawr,Dios sabe dónde
16540500,23,Dios sabe dónde,3918.7,3916.9,3918.7,3918.7,3916.9,3918.7,click,Dios sabe dónde
16540500,24,,2999.3,2999.3,2999.3,2999.3,2999.3,2999.3,rawr,tuviste la culpa
16540500,24,tuviste la culpa,5428.4,5416.3,5428.4,5428.4,5416.3,5428.4,click,tuviste la culpa
16540500,25,,2999.9,2999.9,2999.9,2999.9,2999.9,2999.9,rawr,la cría de reses
16540500,25,la cría de reses,5705.8,5700.9,5705.8,5705.8,5700.9,5705.8,click,la cría de reses
16540500,26,,2998.7,2998.7,2998.7,2998.7,2998.7,2998.7,rawr,del fallecimiento
16540500,26,del fallecimiento,4495.7,4483,4495.7,4495.7,4483,4495.7,click,del fallecimiento
16540500,27,,2999.9,2999.9,2999.9,2999.9,2999.9,2999.9,rawr,llevarlo a cabo
16540500,27,desavenirse,5409.9,5399.7,5409.9,5409.9,5399.7,5409.9,click,llevarlo a cabo
16540500,28,,3000,3000,3000,3000,3000,3000,rawr,los naufragios
16540500,28,los naufragios,3299.8,3283,3299.8,3299.8,3283,3299.8,click,los naufragios
16540500,29,,2999.7,2999.7,2999.7,2999.7,2999.7,2999.7,rawr,aquel barrio
16540500,29,aquel barrio,4664.9,4649.8,4664.9,4664.9,4649.8,4664.9,click,aquel barrio
16540500,30,,2999.8,2999.8,2999.8,2999.8,2999.8,2999.8,rawr,repartirlo
16540500,30,hojearlo,4390.8,4383.1,4390.8,4390.8,4383.1,4390.8,click,repartirlo
16540500,1,,91636,91630.2,91636,91636,91630.2,91636,,
16540500,1,,120009.1,120008.1,120009.1,120009.1,120008.1,120009.1,,
16540500,1,cumplido,9899.8,9882.9,9899.8,9899.8,9882.9,9899.8,click,cumplido
16540500,2,iniciara,11065.2,11049.4,11065.2,11065.2,11049.4,11065.2,click,iniciara
16540500,3,encargar,9162.4,9149.2,9162.4,9162.4,9149.2,9162.4,click,encargar
16540500,4,sirviera,3133.3,3116.6,3133.3,3133.3,3116.6,3133.3,click,sirviera
16540500,5,superar,10459.1,10449.3,10459.1,10459.1,10449.3,10459.1,click,superar
16540500,6,con,7324.3,7316.4,7324.3,7324.3,7316.4,7324.3,click,con
16540500,7,poder,10194.7,10182.8,10194.7,10194.7,10182.8,10194.7,click,poder
16540500,8,a,7416.6,7399.7,7416.6,7416.6,7399.7,7416.6,click,a
16540500,9,había,7382.6,7366,7382.6,7382.6,7366,7382.6,click,había
16540500,10,lo que,9047.7,9032.9,9047.7,9047.7,9032.9,9047.7,click,lo que
16540500,11,tratado,6612.2,6599.8,6612.2,6612.2,6599.8,6612.2,click,tratado
16540500,12,restringido,8540.3,8532.8,8540.3,8540.3,8532.8,8540.3,click,restringido
16540500,13,enseñarán,13913.5,13899,13913.5,13913.5,13899,13913.5,click,enseñarán
16540500,14,sobre,8166.5,8149.8,8166.5,8166.5,8149.8,8166.5,click,sobre
16540500,15,así,14232.6,14215.8,14232.6,14232.6,14215.8,14232.6,click,así
16540500,16,sea,4293.9,4282.9,4293.9,4293.9,4282.9,4293.9,click,sea
16540500,17,niveles,13095,13082.7,13095,13095,13082.7,13095,click,niveles
16540500,18,a,8190.6,8183,8190.6,8190.6,8183,8190.6,click,a
16540500,19,pleno,4379.9,4366.2,4379.9,4379.9,4366.2,4379.9,click,pleno
16540500,20,próxima,776.3,766.9,776.3,776.3,766.9,776.3,click,próxima
16540500,,END,,,708760,,,,,
16540505,,BEGIN,,,,,,,,
16540505,1,,13005.1,13000.5,13005.1,13005.1,13000.5,13005.1,,
16540505,1,,3000.6,3000.6,3000.6,3000.6,3000.6,3000.6,rawr,desconsolado
16540505,1,desconsolado,4170.8,4166.6,4170.8,4170.8,4166.6,4170.8,click,desconsolado
16540505,2,,3000.6,3000.6,3000.6,3000.6,3000.6,3000.6,rawr,falta
16540505,2,falta,1887,1866.7,1887,1887,1866.7,1887,click,falta
16540505,3,,3000.3,3000.3,3000.3,3000.3,3000.3,3000.3,rawr,enfermo
16540505,3,enfermo,2203.5,2199.7,2203.5,2203.5,2199.7,2203.5,click,enfermo
16540505,4,,3000.6,3000.6,3000.6,3000.6,3000.6,3000.6,rawr,caliente
16540505,4,caliente,1670.4,1666.4,1670.4,1670.4,1666.4,1670.4,click,caliente
16540505,5,,3000.6,3000.6,3000.6,3000.6,3000.6,3000.6,rawr,ver
16540505,5,ver,2386.8,2365.7,2386.8,2386.8,2365.7,2386.8,click,ver
16540505,6,,3001.3,3001.3,3001.3,3001.3,3001.3,3001.3,rawr,salir de casa
16540505,6,respirar con pena,3220.2,3200.3,3220.2,3220.2,3200.3,3220.2,click,salir de casa
16540505,7,,3000.1,3000.1,3000.1,3000.1,3000.1,3000.1,rawr,estrellas
16540505,7,estrellas,3154.1,3133.6,3154.1,3154.1,3133.6,3154.1,click,estrellas
16540505,8,,3000.3,3000.3,3000.3,3000.3,3000.3,3000.3,rawr,¿Qué tal?
16540505,8,¿Qué tal?,3037.8,3033.1,3037.8,3037.8,3033.1,3037.8,click,¿Qué tal?
16540505,9,,3000.5,3000.5,3000.5,3000.5,3000.5,3000.5,rawr,ladrar
16540505,9,ladrar,3337.7,3333.2,3337.7,3337.7,3333.2,3337.7,click,ladrar
16540505,10,,3000.6,3000.6,3000.6,3000.6,3000.6,3000.6,rawr,despertador
16540505,10,despertador,4853.9,4833.7,4853.9,4853.9,4833.7,4853.9,click,despertador
16540505,11,,3000.2,3000.2,3000.2,3000.2,3000.2,3000.2,rawr,aceite
16540505,11,aceite,2938,2933.1,2938,2938,2933.1,2938,click,aceite
16540505,12,,3000.7,3000.7,3000.7,3000.7,3000.7,3000.7,rawr,tomamos asiento
16540505,12,nos acostamos pronto,3587.1,3566.9,3587.1,3587.1,3566.9,3587.1,click,tomamos asiento
16540505,13,,3000.1,3000.1,3000.1,3000.1,3000.1,3000.1,rawr,cortarte
16540505,13,cortarte,2120.5,2099.6,2120.5,2120.5,2099.6,2120.5,click,cortarte
16540505,14,,3000.7,3000.7,3000.7,3000.7,3000.7,3000.7,rawr,patinar
16540505,14,patinar,3104.2,3099.8,3104.2,3104.2,3099.8,3104.2,click,patinar
16540505,15,,3000.7,3000.7,3000.7,3000.7,3000.7,3000.7,rawr,fuego
16540505,15,serpientes,5270.6,5266.7,5270.6,5270.6,5266.7,5270.6,click,fuego
16540505,16,,3000.5,3000.5,3000.5,3000.5,3000.5,3000.5,rawr,la noticia que deseaba
16540505,16,los ejemplos,6953.9,6933.8,6953.9,6953.9,6933.8,6953.9,click,la noticia que deseaba
16540505,17,,3000.2,3000.2,3000.2,3000.2,3000.2,3000.2,rawr,aliviar
16540505,17,aliviar,4920.4,4900.4,4920.4,4920.4,4900.4,4920.4,click,aliviar
16540505,18,,2999.6,2999.6,2999.6,2999.6,2999.6,2999.6,rawr,perecer
16540505,18,acabar,3387.6,3367.4,3387.6,3387.6,3367.4,3387.6,click,perecer
16540505,19,,3000.3,3000.3,3000.3,3000.3,3000.3,3000.3,rawr,darle una limosna
16540505,19,darle una limosna,6438.6,6433.3,6438.6,6438.6,6433.3,6438.6,click,darle una limosna
16540505,20,,3000.5,3000.5,3000.5,3000.5,3000.5,3000.5,rawr,monedas
16540505,20,monedas,3087.1,3066.1,3087.1,3087.1,3066.1,3087.1,click,monedas
16540505,21,,3001.1,3001.1,3001.1,3001.1,3001.1,3001.1,rawr,las caricias
16540505,21,las caricias,3820.5,3800.2,3820.5,3820.5,3800.2,3820.5,click,las caricias
16540505,22,,3000.3,3000.3,3000.3,3000.3,3000.3,3000.3,rawr,escondérmela
16540505,22,escondérmela,5954.1,5933.7,5954.1,5954.1,5933.7,5954.1,click,escondérmela
16540505,23,,3000.2,3000.2,3000.2,3000.2,3000.2,3000.2,rawr,Dios sabe dónde
16540505,23,Dios sabe dónde,4186.9,4166.9,4186.9,4186.9,4166.9,4186.9,click,Dios sabe dónde
16540505,24,,3000.2,3000.2,3000.2,3000.2,3000.2,3000.2,rawr,tuviste la culpa
16540505,24,tuviste la culpa,4404.2,4400.1,4404.2,4404.2,4400.1,4404.2,click,tuviste la culpa
16540505,25,,3000.4,3000.4,3000.4,3000.4,3000.4,3000.4,rawr,la cría de reses
16540505,25,la construcción de trampas,5154,5133.7,5154,5154,5133.7,5154,click,la cría de reses
16540505,26,,3000.2,3000.2,3000.2,3000.2,3000.2,3000.2,rawr,del fallecimiento
16540505,26,del éxito,7204.3,7200.2,7204.3,7204.3,7200.2,7204.3,click,del fallecimiento
16540505,27,,3000.5,3000.5,3000.5,3000.5,3000.5,3000.5,rawr,llevarlo a cabo
16540505,27,rechazarlo,8469.5,8466.9,8469.5,8469.5,8466.9,8469.5,click,llevarlo a cabo
16540505,28,,3000.5,3000.5,3000.5,3000.5,3000.5,3000.5,rawr,los naufragios
16540505,28,los peces,5071.1,5066.9,5071.1,5071.1,5066.9,5071.1,click,los naufragios
16540505,29,,3000.4,3000.4,3000.4,3000.4,3000.4,3000.4,rawr,aquel barrio
16540505,29,aquel barrio,6854.3,6833.7,6854.3,6854.3,6833.7,6854.3,click,aquel barrio
16540505,30,,3000.2,3000.2,3000.2,3000.2,3000.2,3000.2,rawr,repartirlo
16540505,30,conservarlo,6670.7,6667,6670.7,6670.7,6667,6670.7,click,repartirlo
16540505,1,,31323.1,31302.2,31323.1,31323.1,31302.2,31323.1,,
16540505,1,,120008.2,120007.3,120008.2,120008.2,120007.3,120008.2,,
16540505,1,cumplido,8822.1,8801.5,8822.1,8822.1,8801.5,8822.1,click,cumplido
16540505,2,iniciara,13388.5,13367.5,13388.5,13388.5,13367.5,13388.5,click,iniciara
16540505,3,mandar,13588.3,13567.6,13588.3,13588.3,13567.6,13588.3,click,encargar
16540505,4,sirviera,13638.7,13634.3,13638.7,13638.7,13634.3,13638.7,click,sirviera
16540505,5,enfrentarse,8454.4,8433.9,8454.4,8454.4,8433.9,8454.4,click,superar
16540505,6,con,26589.5,26568.4,26589.5,26589.5,26568.4,26589.5,click,con
16540505,7,poder,14655,14633.5,14655,14655,14633.5,14655,click,poder
16540505,8,a,10971.3,10967.7,10971.3,10971.3,10967.7,10971.3,click,a
16540505,9,hubo,19972.8,19968.6,19972.8,19972.8,19968.6,19972.8,click,había
16540505,10,lo que,12905.5,12900.9,12905.5,12905.5,12900.9,12905.5,click,lo que
16540505,11,intentado,15105.5,15100.9,15105.5,15105.5,15100.9,15105.5,click,tratado
16540505,12,restringido,9538.2,9533.2,9538.2,9538.2,9533.2,9538.2,click,restringido
16540505,13,enseñarán,9555.7,9534.8,9555.7,9555.7,9534.8,9555.7,click,enseñarán
16540505,14,en,8038.8,8033.8,8038.8,8038.8,8033.8,8038.8,click,sobre
16540505,15,así,29389.9,29367.6,29389.9,29389.9,29367.6,29389.9,click,así
16540505,16,sea,26707.4,26702.9,26707.4,26707.4,26702.9,26707.4,click,sea
16540505,17,aspectos,20605.9,20601.1,20605.9,20605.9,20601.1,20605.9,click,niveles
16540505,18,de,7388.4,7367.2,7388.4,7388.4,7367.2,7388.4,click,a
16540505,19,entero,12655.5,12634.4,12655.5,12655.5,12634.4,12655.5,click,pleno
16540505,20,próxima,5188.1,5166.1,5188.1,5188.1,5166.1,5188.1,click,próxima
16540505,,END,,,670324,,,,,
16540519,,BEGIN,,,,,,,,
16540519,1,,14035.6,14033.4,14035.6,14035.6,14033.4,14035.6,,
16540519,1,,2999.7,2999.7,2999.7,2999.7,2999.7,2999.7,rawr,desconsolado
16540519,1,fatigado,5342.2,5333.3,5342.2,5342.2,5333.3,5342.2,click,desconsolado
16540519,2,,2999.9,2999.9,2999.9,2999.9,2999.9,2999.9,rawr,falta
16540519,2,falta,2459,2450.1,2459,2459,2450.1,2459,click,falta
16540519,3,,3000,3000,3000,3000,3000,3000,rawr,enfermo
16540519,3,ocupado,5559.5,5550,5559.5,5559.5,5550,5559.5,click,enfermo
16540519,4,,3000.1,3000.1,3000.1,3000.1,3000.1,3000.1,rawr,caliente
16540519,4,caliente,3257.9,3250.1,3257.9,3257.9,3250.1,3257.9,click,caliente
16540519,5,,2999.6,2999.6,2999.6,2999.6,2999.6,2999.6,rawr,ver
16540519,5,ver,2929,2916.7,2929,2929,2916.7,2929,click,ver
16540519,6,,3000,3000,3000,3000,3000,3000,rawr,salir de casa
16540519,6,recibir cartas,4942.1,4933.3,4942.1,4942.1,4933.3,4942.1,click,salir de casa
16540519,7,,3000,3000,3000,3000,3000,3000,rawr,estrellas
16540519,7,estrellas,2157.4,2150,2157.4,2157.4,2150,2157.4,click,estrellas
16540519,8,,3000.1,3000.1,3000.1,3000.1,3000.1,3000.1,rawr,¿Qué tal?
16540519,8,¿Qué tal?,5680.8,5667,5680.8,5680.8,5667,5680.8,click,¿Qué tal?
16540519,9,,2999.6,2999.6,2999.6,2999.6,2999.6,2999.6,rawr,ladrar
16540519,9,olor,5906.8,5899.8,5906.8,5906.8,5899.8,5906.8,click,ladrar
16540519,10,,3000.1,3000.1,3000.1,3000.1,3000.1,3000.1,rawr,despertador
16540519,10,despertador,6802.9,6799.9,6802.9,6802.9,6799.9,6802.9,click,despertador
16540519,11,,3000.1,3000.1,3000.1,3000.1,3000.1,3000.1,rawr,aceite
16540519,11,aceite,4532.6,4516.8,4532.6,4532.6,4516.8,4532.6,click,aceite
16540519,12,,2999.9,2999.9,2999.9,2999.9,2999.9,2999.9,rawr,tomamos asiento
16540519,12,tomamos asiento,4246.6,4233.4,4246.6,4246.6,4233.4,4246.6,click,tomamos asiento
16540519,13,,3000.1,3000.1,3000.1,3000.1,3000.1,3000.1,rawr,cortarte
16540519,13,cortarte,1977.5,1966.4,1977.5,1977.5,1966.4,1977.5,click,cortarte
16540519,14,,2999.9,2999.9,2999.9,2999.9,2999.9,2999.9,rawr,patinar
16540519,14,patinar,6161.9,6150,6161.9,6161.9,6150,6161.9,click,patinar
16540519,15,,3000.1,3000.1,3000.1,3000.1,3000.1,3000.1,rawr,fuego
16540519,15,fuego,7027.3,7016.9,7027.3,7027.3,7016.9,7027.3,click,fuego
16540519,16,,3000.1,3000.1,3000.1,3000.1,3000.1,3000.1,rawr,la noticia que deseaba
16540519,16,los ejemplos,7443.4,7432.9,7443.4,7443.4,7432.9,7443.4,click,la noticia que deseaba
16540519,17,,3000,3000,3000,3000,3000,3000,rawr,aliviar
16540519,17,aliviar,6386.4,6383.3,6386.4,6386.4,6383.3,6386.4,click,aliviar
16540519,18,,3000.1,3000.1,3000.1,3000.1,3000.1,3000.1,rawr,perecer
16540519,18,acabar,4023.4,4016.6,4023.4,4023.4,4016.6,4023.4,click,perecer
16540519,19,,3000,3000,3000,3000,3000,3000,rawr,darle una limosna
16540519,19,pegarle,5778.5,5766.5,5778.5,5778.5,5766.5,5778.5,click,darle una limosna
16540519,20,,3000,3000,3000,3000,3000,3000,rawr,monedas
16540519,20,monedas,3672.7,3666.8,3672.7,3672.7,3666.8,3672.7,click,monedas
16540519,21,,2999.9,2999.9,2999.9,2999.9,2999.9,2999.9,rawr,las caricias
16540519,21,las locuras,7507,7499.9,7507,7507,7499.9,7507,click,las caricias
16540519,22,,3000,3000,3000,3000,3000,3000,rawr,escondérmela
16540519,22,escondérmela,7892.8,7883.3,7892.8,7892.8,7883.3,7892.8,click,escondérmela
16540519,23,,3000,3000,3000,3000,3000,3000,rawr,Dios sabe dónde
16540519,23,Dios sabe dónde,7714.5,7700.2,7714.5,7714.5,7700.2,7714.5,click,Dios sabe dónde
16540519,24,,2999.8,2999.8,2999.8,2999.8,2999.8,2999.8,rawr,tuviste la culpa
16540519,24,tuviste la culpa,7246.1,7233.4,7246.1,7246.1,7233.4,7246.1,click,tuviste la culpa
16540519,25,,2999.9,2999.9,2999.9,2999.9,2999.9,2999.9,rawr,la cría de reses
16540519,25,el costo de vida,8916.9,8900.3,8916.9,8916.9,8900.3,8916.9,click,la cría de reses
16540519,26,,3000.1,3000.1,3000.1,3000.1,3000.1,3000.1,rawr,del fallecimiento
16540519,26,del éxito,4740.5,4732.8,4740.5,4740.5,4732.8,4740.5,click,del fallecimiento
16540519,27,,3000.1,3000.1,3000.1,3000.1,3000.1,3000.1,rawr,llevarlo a cabo
16540519,27,echarlo a un lado,6532.9,6516.6,6532.9,6532.9,6516.6,6532.9,click,llevarlo a cabo
16540519,28,,3000,3000,3000,3000,3000,3000,rawr,los naufragios
16540519,28,los naufragios,5966.2,5950.2,5966.2,5966.2,5950.2,5966.2,click,los naufragios
16540519,29,,3000,3000,3000,3000,3000,3000,rawr,aquel barrio
16540519,29,aquel barrio,3786.5,3783.9,3786.5,3786.5,3783.9,3786.5,click,aquel barrio
16540519,30,,2999.3,2999.3,2999.3,2999.3,2999.3,2999.3,rawr,repartirlo
16540519,30,hojearlo,5638.6,5633.6,5638.6,5638.6,5633.6,5638.6,click,repartirlo
16540519,1,,16262.7,16249.6,16262.7,16262.7,16249.6,16262.7,,
16540519,1,,120000.6,119999.8,120000.6,120000.6,119999.8,120000.6,,
16540519,1,cumplido,17004.1,16999.6,17004.1,17004.1,16999.6,17004.1,click,cumplido
16540519,2,iniciara,20278.5,20266.6,20278.5,20278.5,20266.6,20278.5,click,iniciara
16540519,3,pedir,25162.5,25149.9,25162.5,25162.5,25149.9,25162.5,click,encargar
16540519,4,haya servido,16459,16450.3,16459,16459,16450.3,16459,click,sirviera
16540519,5,superar,13749.7,13733,13749.7,13749.7,13733,13749.7,click,superar
16540519,6,con,9796.2,9783.3,9796.2,9796.2,9783.3,9796.2,click,con
16540519,7,voluntad,38927.9,38916.5,38927.9,38927.9,38916.5,38927.9,click,poder
16540519,8,a,27168.9,27166.5,27168.9,27168.9,27166.5,27168.9,click,a
16540519,9,habría,16850.2,16833.4,16850.2,16850.2,16833.4,16850.2,click,había
16540519,10,lo que,9559.7,9549.9,9559.7,9559.7,9549.9,9559.7,click,lo que
16540519,11,tratado,15715.5,15699.9,15715.5,15715.5,15699.9,15715.5,click,tratado
16540519,12,restringido,16720.2,16716.8,16720.2,16720.2,16716.8,16720.2,click,restringido
16540519,13,enseñarán,11017.8,11016.5,11017.8,11017.8,11016.5,11017.8,click,enseñarán
16540519,14,sobre,11052.2,11050,11052.2,11052.2,11050,11052.2,click,sobre
16540519,15,para,12271.3,12266.5,12271.3,12271.3,12266.5,12271.3,click,así
16540519,16,será,22718.7,22716.8,22718.7,22718.7,22716.8,22718.7,click,sea
16540519,17,niveles,13071.3,13066.4,13071.3,13071.3,13066.4,13071.3,click,niveles
16540519,18,de,11916.8,11900.2,11916.8,11916.8,11900.2,11916.8,click,a
16540519,19,total,9206,9200,9206,9206,9200,9206,click,pleno
16540519,20,pasada,31769,31766.6,31769,31769,31766.6,31769,click,próxima
16540519,,END,,,752425,,,,,
16540521,,BEGIN,,,,,,,,
16540521,1,,10465,10452,10465,10465,10452,10465,,
16540521,1,,3001,3001,3001,3001,3001,3001,rawr,desconsolado
16540521,1,desconsolado,2209,2201,2209,2209,2201,2209,click,desconsolado
16540521,2,,3001,3001,3001,3001,3001,3001,rawr,falta
16540521,2,falta,1477,1468,1477,1477,1468,1477,click,falta
16540521,3,,3001,3001,3001,3001,3001,3001,rawr,enfermo
16540521,3,enfermo,1373,1360,1373,1373,1360,1373,click,enfermo
16540521,4,,3001,3001,3001,3001,3001,3001,rawr,caliente
16540521,4,caliente,1699,1694,1699,1699,1694,1699,click,caliente
16540521,5,,3001,3001,3001,3001,3001,3001,rawr,ver
16540521,5,ver,2194,2188,2194,2194,2188,2194,click,ver
16540521,6,,3001,3001,3001,3001,3001,3001,rawr,salir de casa
16540521,6,salir de casa,2533,2520,2533,2533,2520,2533,click,salir de casa
16540521,7,,3002,3002,3002,3002,3002,3002,rawr,estrellas
16540521,7,estrellas,1271,1267,1271,1271,1267,1271,click,estrellas
16540521,8,,3001,3001,3001,3001,3001,3001,rawr,¿Qué tal?
16540521,8,¿Qué tal?,7442,7429,7442,7442,7429,7442,click,¿Qué tal?
16540521,9,,3001,3001,3001,3001,3001,3001,rawr,ladrar
16540521,9,ladrar,3327,3322,3327,3327,3322,3327,click,ladrar
16540521,10,,3001,3001,3001,3001,3001,3001,rawr,despertador
16540521,10,despertador,5419,5415,5419,5419,5415,5419,click,despertador
16540521,11,,3001,3001,3001,3001,3001,3001,rawr,aceite
16540521,11,aceite,3910,3908,3910,3910,3908,3910,click,aceite
16540521,12,,3001,3001,3001,3001,3001,3001,rawr,tomamos asiento
16540521,12,tomamos asiento,4388,4375,4388,4388,4375,4388,click,tomamos asiento
16540521,13,,3001,3001,3001,3001,3001,3001,rawr,cortarte
16540521,13,cortarte,1671,1668,1671,1671,1668,1671,click,cortarte
16540521,14,,3001,3001,3001,3001,3001,3001,rawr,patinar
16540521,14,patinar,3083,3081,3083,3083,3081,3083,click,patinar
16540521,15,,3001,3001,3001,3001,3001,3001,rawr,fuego
16540521,15,serpientes,9819,9817,9819,9819,9817,9819,click,fuego
16540521,16,,3001,3001,3001,3001,3001,3001,rawr,la noticia que deseaba
16540521,16,los ejemplos,6833,6829,6833,6833,6829,6833,click,la noticia que deseaba
16540521,17,,3001,3001,3001,3001,3001,3001,rawr,aliviar
16540521,17,dulcificar,5838,5829,5838,5838,5829,5838,click,aliviar
16540521,18,,3001,3001,3001,3001,3001,3001,rawr,perecer
16540521,18,acabar,4765,4762,4765,4765,4762,4765,click,perecer
16540521,19,,3001,3001,3001,3001,3001,3001,rawr,darle una limosna
16540521,19,darle una limosna,4035,4028,4035,4035,4028,4035,click,darle una limosna
16540521,20,,3001,3001,3001,3001,3001,3001,rawr,monedas
16540521,20,monedas,2480,2467,2480,2480,2467,2480,click,monedas
16540521,21,,3002,3002,3002,3002,3002,3002,rawr,las caricias
16540521,21,las caricias,1660,1654,1660,1660,1654,1660,click,las caricias
16540521,22,,3001,3001,3001,3001,3001,3001,rawr,escondérmela
16540521,22,escondérmela,3381,3374,3381,3381,3374,3381,click,escondérmela
16540521,23,,3001,3001,3001,3001,3001,3001,rawr,Dios sabe dónde
16540521,23,en el fuego,4003,4001,4003,4003,4001,4003,click,Dios sabe dónde
16540521,24,,3002,3002,3002,3002,3002,3002,rawr,tuviste la culpa
16540521,24,tuviste la culpa,3795,3788,3795,3795,3788,3795,click,tuviste la culpa
16540521,25,,3001,3001,3001,3001,3001,3001,rawr,la cría de reses
16540521,25,la cría de reses,3568,3561,3568,3568,3561,3568,click,la cría de reses
16540521,26,,3001,3001,3001,3001,3001,3001,rawr,del fallecimiento
16540521,26,de la buena suerte,3913,3908,3913,3913,3908,3913,click,del fallecimiento
16540521,27,,3002,3002,3002,3002,3002,3002,rawr,llevarlo a cabo
16540521,27,rechazarlo,5838,5828,5838,5838,5828,5838,click,llevarlo a cabo
16540521,28,,3001,3001,3001,3001,3001,3001,rawr,los naufragios
16540521,28,los peces,4555,4549,4555,4555,4549,4555,click,los naufragios
16540521,29,,3001,3001,3001,3001,3001,3001,rawr,aquel barrio
16540521,29,esa estación,3694,3681,3694,3694,3681,3694,click,aquel barrio
16540521,30,,3001,3001,3001,3001,3001,3001,rawr,repartirlo
16540521,30,repartirlo,2524,2521,2524,2524,2521,2524,click,repartirlo
16540521,1,,17373,17366,17373,17373,17366,17373,,
16540521,1,,120005,120004,120005,120005,120004,120005,,
16540521,1,completado,12223,12218,12223,12223,12218,12223,click,cumplido
16540521,2,iniciara,14854,14845,14854,14854,14845,14854,click,iniciara
16540521,3,encargar,11664,11658,11664,11664,11658,11664,click,encargar
16540521,4,sirviera,10176,10163,10176,10176,10163,10176,click,sirviera
16540521,5,enfrentarse,18260,18247,18260,18260,18247,18260,click,superar
16540521,6,con,22354,22341,22354,22354,22341,22354,click,con
16540521,7,voluntad,14165,14152,14165,14165,14152,14165,click,poder
16540521,8,al,10048,10044,10048,10048,10044,10048,click,a
16540521,9,hubo,6277,6268,6277,6277,6268,6277,click,había
16540521,10,lo que,8128,8124,8128,8128,8124,8128,click,lo que
16540521,11,tratado,14209,14205,14209,14209,14205,14209,click,tratado
16540521,12,restringido,13362,13351,13362,13362,13351,13362,click,restringido
16540521,13,dirán,17041,17033,17041,17041,17033,17041,click,enseñarán
16540521,14,sobre,5224,5216,5224,5224,5216,5224,click,sobre
16540521,15,así,30950,30944,30950,30950,30944,30950,click,así
16540521,16,será,16078,16073,16078,16078,16073,16078,click,sea
16540521,17,niveles,42746,42735,42746,42746,42735,42746,click,niveles
16540521,18,para,17608,17607,17608,17608,17607,17608,click,a
16540521,19,total,13516,13511,13516,13516,13511,13516,click,pleno
16540521,20,siguiente,6954,6949,6954,6954,6949,6954,click,próxima
16540521,,END,,,656144,,,,,
16540583,,BEGIN,,,,,,,,
16540583,1,,6003.4,6000.1,6003.4,6003.4,6000.1,6003.4,,
16540583,1,,2999.9,2999.9,2999.9,2999.9,2999.9,2999.9,rawr,desconsolado
16540583,1,alegre,5515.1,5509.1,5515.1,5515.1,5509.1,5515.1,click,desconsolado
16540583,2,,3000,3000,3000,3000,3000,3000,rawr,falta
16540583,2,falta,1744.6,1739.3,1744.6,1744.6,1739.3,1744.6,click,falta
16540583,3,,3000,3000,3000,3000,3000,3000,rawr,enfermo
16540583,3,enfermo,2268.7,2266.7,2268.7,2268.7,2266.7,2268.7,click,enfermo
16540583,4,,2999.8,2999.8,2999.8,2999.8,2999.8,2999.8,rawr,caliente
16540583,4,caliente,1164.4,1163.6,1164.4,1164.4,1163.6,1164.4,click,caliente
16540583,5,,3000.1,3000.1,3000.1,3000.1,3000.1,3000.1,rawr,ver
16540583,5,ver,2216.1,2212.1,2216.1,2216.1,2212.1,2216.1,click,ver
16540583,6,,2999.9,2999.9,2999.9,2999.9,2999.9,2999.9,rawr,salir de casa
16540583,6,salir de casa,4238.7,4236.3,4238.7,4238.7,4236.3,4238.7,click,salir de casa
16540583,7,,3000,3000,3000,3000,3000,3000,rawr,estrellas
16540583,7,estrellas,1262,1260.6,1262,1262,1260.6,1262,click,estrellas
16540583,8,,3000,3000,3000,3000,3000,3000,rawr,¿Qué tal?
16540583,8,¿Qué tal?,4481.6,4478.8,4481.6,4481.6,4478.8,4481.6,click,¿Qué tal?
16540583,9,,2999.9,2999.9,2999.9,2999.9,2999.9,2999.9,rawr,ladrar
16540583,9,ladrar,2047.8,2042.4,2047.8,2047.8,2042.4,2047.8,click,ladrar
16540583,10,,3000,3000,3000,3000,3000,3000,rawr,despertador
16540583,10,despertador,4770.4,4769.6,4770.4,4770.4,4769.6,4770.4,click,despertador
16540583,11,,3000.1,3000.1,3000.1,3000.1,3000.1,3000.1,rawr,aceite
16540583,11,aceite,4665.9,4660.5,4665.9,4665.9,4660.5,4665.9,click,aceite
16540583,12,,2999.9,2999.9,2999.9,2999.9,2999.9,2999.9,rawr,tomamos asiento
16540583,12,tomamos asiento,4308.2,4303.2,4308.2,4308.2,4303.2,4308.2,click,tomamos asiento
16540583,13,,2999.8,2999.8,2999.8,2999.8,2999.8,2999.8,rawr,cortarte
16540583,13,cortarte,932.4,927.3,932.4,932.4,927.3,932.4,click,cortarte
16540583,14,,3000,3000,3000,3000,3000,3000,rawr,patinar
16540583,14,patinar,4833.7,4830.2,4833.7,4833.7,4830.2,4833.7,click,patinar
16540583,15,,2999.9,2999.9,2999.9,2999.9,2999.9,2999.9,rawr,fuego
16540583,15,fuego,7367.9,7363.6,7367.9,7367.9,7363.6,7367.9,click,fuego
16540583,16,,3000.1,3000.1,3000.1,3000.1,3000.1,3000.1,rawr,la noticia que deseaba
16540583,16,el periódico perdido,9708,9702.9,9708,9708,9702.9,9708,click,la noticia que deseaba
16540583,17,,2999.9,2999.9,2999.9,2999.9,2999.9,2999.9,rawr,aliviar
16540583,17,aliviar,5278.5,5272.7,5278.5,5278.5,5272.7,5278.5,click,aliviar
16540583,18,,3000,3000,3000,3000,3000,3000,rawr,perecer
16540583,18,timeout,9999.9,9999.9,9999.9,9999.9,9999.9,9999.9,timeout,perecer
16540583,19,,2999.9,2999.9,2999.9,2999.9,2999.9,2999.9,rawr,darle una limosna
16540583,19,darle una limosna,7863.4,7860.5,7863.4,7863.4,7860.5,7863.4,click,darle una limosna
16540583,20,,3000.1,3000.1,3000.1,3000.1,3000.1,3000.1,rawr,monedas
16540583,20,monedas,3450.2,3448.4,3450.2,3450.2,3448.4,3450.2,click,monedas
16540583,21,,3000,3000,3000,3000,3000,3000,rawr,las caricias
16540583,21,las caricias,4303.2,4297,4303.2,4303.2,4297,4303.2,click,las caricias
16540583,22,,2999.8,2999.8,2999.8,2999.8,2999.8,2999.8,rawr,escondérmela
16540583,22,escondérmela,6318.7,6315.2,6318.7,6318.7,6315.2,6318.7,click,escondérmela
16540583,23,,3000,3000,3000,3000,3000,3000,rawr,Dios sabe dónde
16540583,23,lleno de alboroto,7582.9,7581.6,7582.9,7582.9,7581.6,7582.9,click,Dios sabe dónde
16540583,24,,3000,3000,3000,3000,3000,3000,rawr,tuviste la culpa
16540583,24,tuviste la culpa,6631.6,6630.3,6631.6,6631.6,6630.3,6631.6,click,tuviste la culpa
16540583,25,,2999.9,2999.9,2999.9,2999.9,2999.9,2999.9,rawr,la cría de reses
16540583,25,la construcción de trampas,8378.2,8375.7,8378.2,8378.2,8375.7,8378.2,click,la cría de reses
16540583,26,,3000,3000,3000,3000,3000,3000,rawr,del fallecimiento
16540583,26,del fallecimiento,4810.1,4806,4810.1,4810.1,4806,4810.1,click,del fallecimiento
16540583,27,,3000,3000,3000,3000,3000,3000,rawr,llevarlo a cabo
16540583,27,rechazarlo,7318,7315,7318,7318,7315,7318,click,llevarlo a cabo
16540583,28,,3000,3000,3000,3000,3000,3000,rawr,los naufragios
16540583,28,los peces,3542,3539.5,3542,3542,3539.5,3542,click,los naufragios
16540583,29,,2999.9,2999.9,2999.9,2999.9,2999.9,2999.9,rawr,aquel barrio
16540583,29,aquel barrio,5981.5,5975.6,5981.5,5981.5,5975.6,5981.5,click,aquel barrio
16540583,30,,3000,3000,3000,3000,3000,3000,rawr,repartirlo
16540583,30,conservarlo,5776.7,5775.7,5776.7,5776.7,5775.7,5776.7,click,repartirlo
16540583,1,,18684.5,18678.7,18684.5,18684.5,18678.7,18684.5,,
16540583,1,,119998.9,119998.8,119998.9,119998.9,119998.8,119998.9,,
16540583,1,cumplido,15135.8,15133.1,15135.8,15135.8,15133.1,15135.8,click,cumplido
16540583,2,iniciara,15991.1,15987.8,15991.1,15991.1,15987.8,15991.1,click,iniciara
16540583,3,encargar,15742.6,15739.1,15742.6,15742.6,15739.1,15742.6,click,encargar
16540583,4,sirviera,18144.7,18139.3,18144.7,18144.7,18139.3,18144.7,click,sirviera
16540583,5,superar,9875.4,9872.7,9875.4,9875.4,9872.7,9875.4,click,superar
16540583,6,por,15363.4,15357.4,15363.4,15363.4,15357.4,15363.4,click,con
16540583,7,favor,44743.2,44738.9,44743.2,44743.2,44738.9,44743.2,click,poder
16540583,8,al,6781.4,6775.7,6781.4,6781.4,6775.7,6781.4,click,a
16540583,9,hubo,21669.7,21666.5,21669.7,21669.7,21666.5,21669.7,click,había
16540583,10,lo que,11726.1,11721.1,11726.1,11726.1,11721.1,11726.1,click,lo que
16540583,11,intentado,15300.8,15296.9,15300.8,15300.8,15296.9,15300.8,click,tratado
16540583,12,disminuido,9655,9654.3,9655,9655,9654.3,9655,click,restringido
16540583,13,darán,7891.8,7890.9,7891.8,7891.8,7890.9,7891.8,click,enseñarán
16540583,14,sobre,4666.6,4660.6,4666.6,4666.6,4660.6,4666.6,click,sobre
16540583,15,así,28244.2,28242,28244.2,28244.2,28242,28244.2,click,así
16540583,16,sea,20782.2,20781.6,20782.2,20782.2,20781.6,20782.2,click,sea
16540583,17,aspectos,10862.4,10860.6,10862.4,10862.4,10860.6,10862.4,click,niveles
16540583,18,a,6195.7,6193.8,6195.7,6195.7,6193.8,6195.7,click,a
16540583,19,pleno,9272.7,9266.6,9272.7,9272.7,9266.6,9272.7,click,pleno
16540583,20,siguiente,10812.1,10806.1,10812.1,10812.1,10806.1,10812.1,click,próxima
16540583,,END,,,682105,,,,,
16540696,,BEGIN,,,,,,,,
16540696,1,,6875.2,6869.1,6875.2,6875.2,6869.1,6875.2,,
16540696,1,,3001.1,3001.1,3001.1,3001.1,3001.1,3001.1,rawr,desconsolado
16540696,1,desconsolado,8031.4,8029.5,8031.4,8031.4,8029.5,8031.4,click,desconsolado
16540696,2,,3001,3001,3001,3001,3001,3001,rawr,falta
16540696,2,falta,6106.2,6095.8,6106.2,6106.2,6095.8,6106.2,click,falta
16540696,3,,3001.1,3001.1,3001.1,3001.1,3001.1,3001.1,rawr,enfermo
16540696,3,enfermo,4885.6,4881.8,4885.6,4885.6,4881.8,4885.6,click,enfermo
16540696,4,,3001.1,3001.1,3001.1,3001.1,3001.1,3001.1,rawr,caliente
16540696,4,caliente,2737.8,2734.5,2737.8,2737.8,2734.5,2737.8,click,caliente
16540696,5,,3001,3001,3001,3001,3001,3001,rawr,ver
16540696,5,ver,3253,3241.2,3253,3253,3241.2,3253,click,ver
16540696,6,,3001.1,3001.1,3001.1,3001.1,3001.1,3001.1,rawr,salir de casa
16540696,6,salir de casa,8112.5,8109.6,8112.5,8112.5,8109.6,8112.5,click,salir de casa
16540696,7,,3001.1,3001.1,3001.1,3001.1,3001.1,3001.1,rawr,estrellas
16540696,7,estrellas,1810.4,1800.6,1810.4,1810.4,1800.6,1810.4,click,estrellas
16540696,8,,3001,3001,3001,3001,3001,3001,rawr,¿Qué tal?
16540696,8,¿Qué tal?,9572.6,9563.6,9572.6,9572.6,9563.6,9572.6,click,¿Qué tal?
16540696,9,,3001.1,3001.1,3001.1,3001.1,3001.1,3001.1,rawr,ladrar
16540696,9,sueño,4272.9,4268.4,4272.9,4272.9,4268.4,4272.9,click,ladrar
16540696,10,,3001.1,3001.1,3001.1,3001.1,3001.1,3001.1,rawr,despertador
16540696,10,timeout,10003.5,10003.5,10003.5,10003.5,10003.5,10003.5,timeout,despertador
16540696,11,,3001,3001,3001,3001,3001,3001,rawr,aceite
16540696,11,aceite,4460,4455.2,4460,4460,4455.2,4460,click,aceite
16540696,12,,3001.1,3001.1,3001.1,3001.1,3001.1,3001.1,rawr,tomamos asiento
16540696,12,tomamos asiento,6580.6,6575.8,6580.6,6580.6,6575.8,6580.6,click,tomamos asiento
16540696,13,,3001,3001,3001,3001,3001,3001,rawr,cortarte
16540696,13,cortarte,1860.8,1854.1,1860.8,1860.8,1854.1,1860.8,click,cortarte
16540696,14,,3001,3001,3001,3001,3001,3001,rawr,patinar
16540696,14,almorzar,4957.1,4948.6,4957.1,4957.1,4948.6,4957.1,click,patinar
16540696,15,,3001.1,3001.1,3001.1,3001.1,3001.1,3001.1,rawr,fuego
16540696,15,fuego,4048.1,4041.5,4048.1,4048.1,4041.5,4048.1,click,fuego
16540696,16,,3001.1,3001.1,3001.1,3001.1,3001.1,3001.1,rawr,la noticia que deseaba
16540696,16,los ejemplos,7754.1,7749.5,7754.1,7754.1,7749.5,7754.1,click,la noticia que deseaba
16540696,17,,3001.1,3001.1,3001.1,3001.1,3001.1,3001.1,rawr,aliviar
16540696,17,aliviar,6280,6268.8,6280,6280,6268.8,6280,click,aliviar
16540696,18,,3001.1,3001.1,3001.1,3001.1,3001.1,3001.1,rawr,perecer
16540696,18,parecer,5366.6,5362.1,5366.6,5366.6,5362.1,5366.6,click,perecer
16540696,19,,3001.1,3001.1,3001.1,3001.1,3001.1,3001.1,rawr,darle una limosna
16540696,19,echar una mirada,7362.8,7349.4,7362.8,7362.8,7349.4,7362.8,click,darle una limosna
16540696,20,,3001,3001,3001,3001,3001,3001,rawr,monedas
16540696,20,monedas,7209.4,7202.8,7209.4,7209.4,7202.8,7209.4,click,monedas
16540696,21,,3001,3001,3001,3001,3001,3001,rawr,las caricias
16540696,21,las locuras,6592.9,6588.9,6592.9,6592.9,6588.9,6592.9,click,las caricias
16540696,22,,3001.1,3001.1,3001.1,3001.1,3001.1,3001.1,rawr,escondérmela
16540696,22,deshacérmela,6687.9,6682.8,6687.9,6687.9,6682.8,6687.9,click,escondérmela
16540696,23,,3001,3001,3001,3001,3001,3001,rawr,Dios sabe dónde
16540696,23,en el fuego,7301.4,7296.1,7301.4,7301.4,7296.1,7301.4,click,Dios sabe dónde
16540696,24,,3000.9,3000.9,3000.9,3000.9,3000.9,3000.9,rawr,tuviste la culpa
16540696,24,sabes la gravedad,8374.8,8363.1,8374.8,8374.8,8363.1,8374.8,click,tuviste la culpa
16540696,25,,3001.1,3001.1,3001.1,3001.1,3001.1,3001.1,rawr,la cría de reses
16540696,25,el costo de vida,8178.9,8176.4,8178.9,8178.9,8176.4,8178.9,click,la cría de reses
16540696,26,,3001.1,3001.1,3001.1,3001.1,3001.1,3001.1,rawr,del fallecimiento
16540696,26,del éxito,7299.8,7296.1,7299.8,7299.8,7296.1,7299.8,click,del fallecimiento
16540696,27,,3001,3001,3001,3001,3001,3001,rawr,llevarlo a cabo
16540696,27,llevarlo a cabo,5463.3,5455.5,5463.3,5463.3,5455.5,5463.3,click,llevarlo a cabo
16540696,28,,3001,3001,3001,3001,3001,3001,rawr,los naufragios
16540696,28,timeout,10003.5,10003.5,10003.5,10003.5,10003.5,10003.5,timeout,los naufragios
16540696,29,,3001.1,3001.1,3001.1,3001.1,3001.1,3001.1,rawr,aquel barrio
16540696,29,aquel barrio,5308.6,5295.2,5308.6,5308.6,5295.2,5308.6,click,aquel barrio
16540696,30,,3001.5,3001.5,3001.5,3001.5,3001.5,3001.5,rawr,repartirlo
16540696,30,hojearlo,6205.1,6202.2,6205.1,6205.1,6202.2,6205.1,click,repartirlo
16540696,1,,8122.9,8109.5,8122.9,8122.9,8109.5,8122.9,,
16540696,1,,9967.3,9963.9,9967.3,9967.3,9963.9,9967.3,,
16540696,1,completado,5295.1,5281.8,5295.1,5295.1,5281.8,5295.1,click,cumplido
16540696,2,iniciara,15968.7,15965.7,15968.7,15968.7,15965.7,15968.7,click,iniciara
16540696,3,pedir,9908.3,9896.7,9908.3,9908.3,9896.7,9908.3,click,encargar
16540696,4,sirviera,16525.8,16513.2,16525.8,16525.8,16513.2,16525.8,click,sirviera
16540696,5,superar,8992.5,8989.8,8992.5,8992.5,8989.8,8992.5,click,superar
16540696,6,en,13524.8,13511.4,13524.8,13524.8,13511.4,13524.8,click,con
16540696,7,voluntad,14485.9,14472.5,14485.9,14485.9,14472.5,14485.9,click,poder
16540696,8,al,8158.9,8149.5,8158.9,8158.9,8149.5,8158.9,click,a
16540696,9,había,10683.8,10670.4,10683.8,10683.8,10670.4,10683.8,click,había
16540696,10,lo que,6946.8,6935.7,6946.8,6946.8,6935.7,6946.8,click,lo que
16540696,11,tratado,6879.7,6869.1,6879.7,6879.7,6869.1,6879.7,click,tratado
16540696,12,disminuido,9230.5,9217.2,9230.5,9230.5,9217.2,9230.5,click,restringido
16540696,13,enseñarán,6511.7,6508.9,6511.7,6511.7,6508.9,6511.7,click,enseñarán
16540696,14,sobre,7469.3,7456,7469.3,7469.3,7456,7469.3,click,sobre
16540696,15,así,12804.5,12791.2,12804.5,12804.5,12791.2,12804.5,click,así
16540696,16,será,21279.7,21274.7,21279.7,21279.7,21274.7,21279.7,click,sea
16540696,17,aspectos,19076.6,19073.5,19076.6,19076.6,19073.5,19076.6,click,niveles
16540696,18,a,24475.7,24462.4,24475.7,24475.7,24462.4,24475.7,click,a
16540696,19,pleno,11654.8,11644.8,11654.8,11654.8,11644.8,11654.8,click,pleno
16540696,20,siguiente,10818.7,10817.1,10818.7,10818.7,10817.1,10818.7,click,próxima
16540696,,END,,,541304,,,,,
16540700,,BEGIN,,,,,,,,
16540700,1,,7568.5,7565.6,7568.5,7568.5,7565.6,7568.5,,
16540700,1,,3000.1,3000.1,3000.1,3000.1,3000.1,3000.1,rawr,desconsolado
16540700,1,fatigado,2791.4,2784.1,2791.4,2791.4,2784.1,2791.4,click,desconsolado
16540700,2,,3000.1,3000.1,3000.1,3000.1,3000.1,3000.1,rawr,falta
16540700,2,falta,2497.2,2482.1,2497.2,2497.2,2482.1,2497.2,click,falta
16540700,3,,3000,3000,3000,3000,3000,3000,rawr,enfermo
16540700,3,ocupado,2675.7,2667.2,2675.7,2675.7,2667.2,2675.7,click,enfermo
16540700,4,,3000,3000,3000,3000,3000,3000,rawr,caliente
16540700,4,dulce,2873.4,2866.1,2873.4,2873.4,2866.1,2873.4,click,caliente
16540700,5,,3001,3001,3001,3001,3001,3001,rawr,ver
16540700,5,oír,2442.5,2432.3,2442.5,2442.5,2432.3,2442.5,click,ver
16540700,6,,3000.9,3000.9,3000.9,3000.9,3000.9,3000.9,rawr,salir de casa
16540700,6,respirar con pena,3573.7,3566.2,3573.7,3573.7,3566.2,3573.7,click,salir de casa
16540700,7,,3000.5,3000.5,3000.5,3000.5,3000.5,3000.5,rawr,estrellas
16540700,7,lágrimas,2194.2,2182.8,2194.2,2194.2,2182.8,2194.2,click,estrellas
16540700,8,,3000.4,3000.4,3000.4,3000.4,3000.4,3000.4,rawr,¿Qué tal?
16540700,8,¿Qué tal?,2009.9,1998.9,2009.9,2009.9,1998.9,2009.9,click,¿Qué tal?
16540700,9,,3001,3001,3001,3001,3001,3001,rawr,ladrar
16540700,9,sueño,2602.1,2599.1,2602.1,2602.1,2599.1,2602.1,click,ladrar
16540700,10,,3000.8,3000.8,3000.8,3000.8,3000.8,3000.8,rawr,despertador
16540700,10,estante,2293.7,2283.2,2293.7,2293.7,2283.2,2293.7,click,despertador
16540700,11,,2999.5,2999.5,2999.5,2999.5,2999.5,2999.5,rawr,aceite
16540700,11,permiso,1356.4,1350.6,1356.4,1356.4,1350.6,1356.4,click,aceite
16540700,12,,2999.9,2999.9,2999.9,2999.9,2999.9,2999.9,rawr,tomamos asiento
16540700,12,comenzamos a fumar,5211.6,5199.4,5211.6,5211.6,5199.4,5211.6,click,tomamos asiento
16540700,13,,2999.7,2999.7,2999.7,2999.7,2999.7,2999.7,rawr,cortarte
16540700,13,comerte,1236.7,1233.5,1236.7,1236.7,1233.5,1236.7,click,cortarte
16540700,14,,3000.6,3000.6,3000.6,3000.6,3000.6,3000.6,rawr,patinar
16540700,14,cantar,1356.6,1350,1356.6,1356.6,1350,1356.6,click,patinar
16540700,15,,2999.7,2999.7,2999.7,2999.7,2999.7,2999.7,rawr,fuego
16540700,15,zorros,953.6,949.1,953.6,953.6,949.1,953.6,click,fuego
16540700,16,,3000.1,3000.1,3000.1,3000.1,3000.1,3000.1,rawr,la noticia que deseaba
16540700,16,el periódico perdido,1942.5,1934.3,1942.5,1942.5,1934.3,1942.5,click,la noticia que deseaba
16540700,17,,2999.5,2999.5,2999.5,2999.5,2999.5,2999.5,rawr,aliviar
16540700,17,aliviar,538.6,533.8,538.6,538.6,533.8,538.6,click,aliviar
16540700,18,,2998.9,2998.9,2998.9,2998.9,2998.9,2998.9,rawr,perecer
16540700,18,perecer,1245.8,1234.2,1245.8,1245.8,1234.2,1245.8,click,perecer
16540700,19,,3000.2,3000.2,3000.2,3000.2,3000.2,3000.2,rawr,darle una limosna
16540700,19,pegarle,1169.7,1166.6,1169.7,1169.7,1166.6,1169.7,click,darle una limosna
16540700,20,,2999.9,2999.9,2999.9,2999.9,2999.9,2999.9,rawr,monedas
16540700,20,pedazos,3444,3433.3,3444,3444,3433.3,3444,click,monedas
16540700,21,,2999,2999,2999,2999,2999,2999,rawr,las caricias
16540700,21,los engaños,3570.9,3567.5,3570.9,3570.9,3567.5,3570.9,click,las caricias
16540700,22,,2999.5,2999.5,2999.5,2999.5,2999.5,2999.5,rawr,escondérmela
16540700,22,deshacérmela,1467.1,1450.5,1467.1,1467.1,1450.5,1467.1,click,escondérmela
16540700,23,,3000,3000,3000,3000,3000,3000,rawr,Dios sabe dónde
16540700,23,en el fuego,1743,1733.3,1743,1743,1733.3,1743,click,Dios sabe dónde
16540700,24,,2999.8,2999.8,2999.8,2999.8,2999.8,2999.8,rawr,tuviste la culpa
16540700,24,sabes la gravedad,1333.5,1316.9,1333.5,1333.5,1316.9,1333.5,click,tuviste la culpa
16540700,25,,2999.9,2999.9,2999.9,2999.9,2999.9,2999.9,rawr,la cría de reses
16540700,25,la construcción de trampas,1167.4,1165.5,1167.4,1167.4,1165.5,1167.4,click,la cría de reses
16540700,26,,3001.1,3001.1,3001.1,3001.1,3001.1,3001.1,rawr,del fallecimiento
16540700,26,del éxito,853.5,849.9,853.5,853.5,849.9,853.5,click,del fallecimiento
16540700,27,,3000,3000,3000,3000,3000,3000,rawr,llevarlo a cabo
16540700,27,desavenirse,3147.5,3133.3,3147.5,3147.5,3133.3,3147.5,click,llevarlo a cabo
16540700,28,,2999.9,2999.9,2999.9,2999.9,2999.9,2999.9,rawr,los naufragios
16540700,28,los naufragios,652.8,649.9,652.8,652.8,649.9,652.8,click,los naufragios
16540700,29,,3000.1,3000.1,3000.1,3000.1,3000.1,3000.1,rawr,aquel barrio
16540700,29,el puente,1316.4,1299.9,1316.4,1316.4,1299.9,1316.4,click,aquel barrio
16540700,30,,2999.1,2999.1,2999.1,2999.1,2999.1,2999.1,rawr,repartirlo
16540700,30,conservarlo,1139.7,1134,1139.7,1139.7,1134,1139.7,click,repartirlo
16540700,1,,21077.1,21065.8,21077.1,21077.1,21065.8,21077.1,,
16540700,1,,96355.5,96349,96355.5,96355.5,96349,96355.5,,
16540700,1,completado,14145.4,14133.1,14145.4,14145.4,14133.1,14145.4,click,cumplido
16540700,2,inició,6641.1,6633.8,6641.1,6641.1,6633.8,6641.1,click,iniciara
16540700,3,encargar,7163.2,7148.9,7163.2,7163.2,7148.9,7163.2,click,encargar
16540700,4,hubiera servido,3692.1,3684.3,3692.1,3692.1,3684.3,3692.1,click,sirviera
16540700,5,acabar,4231.6,4215.8,4231.6,4231.6,4215.8,4231.6,click,superar
16540700,6,en,23059.7,23049.3,23059.7,23059.7,23049.3,23059.7,click,con
16540700,7,voluntad,12030.8,12016.9,12030.8,12030.8,12016.9,12030.8,click,poder
16540700,8,al,5872.2,5867.3,5872.2,5872.2,5867.3,5872.2,click,a
16540700,9,habría,4730.5,4716.6,4730.5,4730.5,4716.6,4730.5,click,había
16540700,10,que,10548.1,10532.5,10548.1,10548.1,10532.5,10548.1,click,lo que
16540700,11,pretendido,4974,4967.2,4974,4974,4967.2,4974,click,tratado
16540700,12,disminuido,2861.2,2849.6,2861.2,2861.2,2849.6,2861.2,click,restringido
16540700,13,enseñarán,14060.7,14049.6,14060.7,14060.7,14049.6,14060.7,click,enseñarán
16540700,14,para,7750.7,7734,7750.7,7750.7,7734,7750.7,click,sobre
16540700,15,para,6506.9,6499.9,6506.9,6506.9,6499.9,6506.9,click,así
16540700,16,será,5159.5,5148.8,5159.5,5159.5,5148.8,5159.5,click,sea
16540700,17,casos,6731.4,6716.8,6731.4,6731.4,6716.8,6731.4,click,niveles
16540700,18,de,3309.6,3300.5,3309.6,3309.6,3300.5,3309.6,click,a
16540700,19,total,6111.1,6100.2,6111.1,6111.1,6100.2,6111.1,click,pleno
16540700,20,pasada,9133.4,9132.2,9133.4,9133.4,9132.2,9133.4,click,próxima
16540700,,END,,,434037,,,,,
16540732,,BEGIN,,,,,,,,
16540732,1,,4634.536,4618.636,4634.536,4634.536,4618.636,4634.536,,
16540732,1,,3002.1,3002.1,3002.1,3002.1,3002.1,3002.1,rawr,desconsolado
16540732,1,fatigado,3974.6,3967.8,3974.6,3974.6,3967.8,3974.6,click,desconsolado
16540732,2,,3002.6,3002.6,3002.6,3002.6,3002.6,3002.6,rawr,falta
16540732,2,falta,4088.2,4084.1,4088.2,4088.2,4084.1,4088.2,click,falta
16540732,3,,3001.9,3001.9,3001.9,3001.9,3001.9,3001.9,rawr,enfermo
16540732,3,enfermo,4638.8,4635.2,4638.8,4638.8,4635.2,4638.8,click,enfermo
16540732,4,,3002.4,3002.4,3002.4,3002.4,3002.4,3002.4,rawr,caliente
16540732,4,dulce,1436.4,1433.6,1436.4,1436.4,1433.6,1436.4,click,caliente
16540732,5,,3001.9,3001.9,3001.9,3001.9,3001.9,3001.9,rawr,ver
16540732,5,ver,3137,3134.2,3137,3137,3134.2,3137,click,ver
16540732,6,,3001.9,3001.9,3001.9,3001.9,3001.9,3001.9,rawr,salir de casa
16540732,6,salir de casa,2791.5,2783.6,2791.5,2791.5,2783.6,2791.5,click,salir de casa
16540732,7,,3001.7,3001.7,3001.7,3001.7,3001.7,3001.7,rawr,estrellas
16540732,7,estrellas,2893.4,2884.5,2893.4,2893.4,2884.5,2893.4,click,estrellas
16540732,8,,3002.5,3002.5,3002.5,3002.5,3002.5,3002.5,rawr,¿Qué tal?
16540732,8,¿Qué tal?,2693.1,2684.1,2693.1,2693.1,2684.1,2693.1,click,¿Qué tal?
16540732,9,,3001.6,3001.6,3001.6,3001.6,3001.6,3001.6,rawr,ladrar
16540732,9,ladrar,3456.7,3451.2,3456.7,3456.7,3451.2,3456.7,click,ladrar
16540732,10,,3002.1,3002.1,3002.1,3002.1,3002.1,3002.1,rawr,despertador
16540732,10,calendario,3316.3,3301.6,3316.3,3316.3,3301.6,3316.3,click,despertador
16540732,11,,3001.5,3001.5,3001.5,3001.5,3001.5,3001.5,rawr,aceite
16540732,11,aceite,1944.2,1934.2,1944.2,1944.2,1934.2,1944.2,click,aceite
16540732,12,,3001.4,3001.4,3001.4,3001.4,3001.4,3001.4,rawr,tomamos asiento
16540732,12,comenzamos a fumar,2733.4,2717.9,2733.4,2733.4,2717.9,2733.4,click,tomamos asiento
16540732,13,,3000.5,3000.5,3000.5,3000.5,3000.5,3000.5,rawr,cortarte
16540732,13,cortarte,960.8000002,950.6,960.8000002,960.8000002,950.6,960.8000002,click,cortarte
16540732,14,,3002.3,3002.3,3002.3,3002.3,3002.3,3002.3,rawr,patinar
16540732,14,cantar,2061.6,2050.3,2061.6,2061.6,2050.3,2061.6,click,patinar
16540732,15,,3002,3002,3002,3002,3002,3002,rawr,fuego
16540732,15,serpientes,2784.4,2767.9,2784.4,2784.4,2767.9,2784.4,click,fuego
16540732,16,,3000.4,3000.4,3000.4,3000.4,3000.4,3000.4,rawr,la noticia que deseaba
16540732,16,el periódico perdido,2688.9,2685,2688.9,2688.9,2685,2688.9,click,la noticia que deseaba
16540732,17,,3002.1,3002.1,3002.1,3002.1,3002.1,3002.1,rawr,aliviar
16540732,17,embromar,1886,1883.3,1886,1886,1883.3,1886,click,aliviar
16540732,18,,3002.4,3002.4,3002.4,3002.4,3002.4,3002.4,rawr,perecer
16540732,18,ganar,1187.9,1183.6,1187.9,1187.9,1183.6,1187.9,click,perecer
16540732,19,,3001.2,3001.2,3001.2,3001.2,3001.2,3001.2,rawr,darle una limosna
16540732,19,darle una limosna,1616.8,1600.2,1616.8,1616.8,1600.2,1616.8,click,darle una limosna
16540732,20,,3002.2,3002.2,3002.2,3002.2,3002.2,3002.2,rawr,monedas
16540732,20,monedas,1959.9,1950.2,1959.9,1959.9,1950.2,1959.9,click,monedas
16540732,21,,3002.4,3002.4,3002.4,3002.4,3002.4,3002.4,rawr,las caricias
16540732,21,los golpes,2999.5,2984.7,2999.5,2999.5,2984.7,2999.5,click,las caricias
16540732,22,,3001.5,3001.5,3001.5,3001.5,3001.5,3001.5,rawr,escondérmela
16540732,22,dejármela,1235.8,1233.2,1235.8,1235.8,1233.2,1235.8,click,escondérmela
16540732,23,,3001.1,3001.1,3001.1,3001.1,3001.1,3001.1,rawr,Dios sabe dónde
16540732,23,en el bosillo,2465.5,2451.2,2465.5,2465.5,2451.2,2465.5,click,Dios sabe dónde
16540732,24,,3002.1,3002.1,3002.1,3002.1,3002.1,3002.1,rawr,tuviste la culpa
16540732,24,sabes la gravedad,2787.6,2784.2,2787.6,2787.6,2784.2,2787.6,click,tuviste la culpa
16540732,25,,3002.2,3002.2,3002.2,3002.2,3002.2,3002.2,rawr,la cría de reses
16540732,25,el costo de vida,1513.5,1500,1513.5,1513.5,1500,1513.5,click,la cría de reses
16540732,26,,3002.1,3002.1,3002.1,3002.1,3002.1,3002.1,rawr,del fallecimiento
16540732,26,de la buena suerte,1880.7,1867.6,1880.7,1880.7,1867.6,1880.7,click,del fallecimiento
16540732,27,,3000.6,3000.6,3000.6,3000.6,3000.6,3000.6,rawr,llevarlo a cabo
16540732,27,llevarlo a cabo,1897.8,1885.1,1897.8,1897.8,1885.1,1897.8,click,llevarlo a cabo
16540732,28,,3001.4,3001.4,3001.4,3001.4,3001.4,3001.4,rawr,los naufragios
16540732,28,los naufragios,2290.1,2283.3,2290.1,2290.1,2283.3,2290.1,click,los naufragios
16540732,29,,3001.9,3001.9,3001.9,3001.9,3001.9,3001.9,rawr,aquel barrio
16540732,29,el puente,1757.3,1751.4,1757.3,1757.3,1751.4,1757.3,click,aquel barrio
16540732,30,,3000.6,3000.6,3000.6,3000.6,3000.6,3000.6,rawr,repartirlo
16540732,30,conservarlo,1351.3,1334.7,1351.3,1351.3,1334.7,1351.3,click,repartirlo
16540732,1,,1743.1,1733.7,1743.1,1743.1,1733.7,1743.1,,
16540732,1,,30324.6,30314.9,30324.6,30324.6,30314.9,30324.6,,
16540732,1,completado,6133,6119.4,6133,6133,6119.4,6133,click,cumplido
16540732,2,inició,4565.3,4552.3,4565.3,4565.3,4552.3,4565.3,click,iniciara
16540732,3,pedir,5411.1,5402.2,5411.1,5411.1,5402.2,5411.1,click,encargar
16540732,4,haya servido,2457.7,2451.5,2457.7,2457.7,2451.5,2457.7,click,sirviera
16540732,5,acabar,4688.7,4684.9,4688.7,4688.7,4684.9,4688.7,click,superar
16540732,6,por,4620.4,4602.9,4620.4,4620.4,4602.9,4620.4,click,con
16540732,7,voluntad,6243.8,6235.4,6243.8,6243.8,6235.4,6243.8,click,poder
16540732,8,en,3324.6,3318.1,3324.6,3324.6,3318.1,3324.6,click,a
16540732,9,había,5479.9,5469.5,5479.9,5479.9,5469.5,5479.9,click,había
16540732,10,lo que,7166.6,7153.7,7166.6,7166.6,7153.7,7166.6,click,lo que
16540732,11,intentado,7161.7,7153.9,7161.7,7161.7,7153.9,7161.7,click,tratado
16540732,12,disminuido,5886.4,5869,5886.4,5886.4,5869,5886.4,click,restringido
16540732,13,enseñarán,6025.1,6019,6025.1,6025.1,6019,6025.1,click,enseñarán
16540732,14,sobre,3243.2,3234.9,3243.2,3243.2,3234.9,3243.2,click,sobre
16540732,15,así,5681.8,5669.4,5681.8,5681.8,5669.4,5681.8,click,así
16540732,16,es,7402,7387,7402,7402,7387,7402,click,sea
16540732,17,casos,3396.8,3385.2,3396.8,3396.8,3385.2,3396.8,click,niveles
16540732,18,a,5505,5502.1,5505,5505,5502.1,5505,click,a
16540732,19,entero,4362.1,4352.3,4362.1,4362.1,4352.3,4362.1,click,pleno
16540732,20,siguiente,1952.4,1950.6,1952.4,1952.4,1950.6,1952.4,click,próxima
16540732,,END,,,299344,,,,,